id,word
1,abandon
2,abattoir
3,abbey
4,abbreviate
5,abbreviated
6,abbreviation
7,abdomen
8,abduct
9,abduction
10,abiding
11,ability
12,able
13,abnormal
14,abnormality
15,aboard
16,abolish
17,abomination
18,aboriginal
19,about
20,above
21,abroad
22,abrupt
23,absence
24,absent
25,absolute
26,absolve
27,absorb
28,abstention
29,abstract
30,abyss
31,academy
32,accelerate
33,acceleration
34,accent
35,accentuate
36,accept
37,acceptable
38,access
39,accessibility
40,accessible
41,accessory
42,accident
43,acclaim
44,acclimatise
45,accolade
46,accommodate
47,accompany
48,accomplishment
49,accordance
50,accordion
51,accordionist
52,account
53,accountancy
54,accountant
55,accumulation
56,accuracy
57,accurate
58,accuse
59,ace
60,acentric
61,acetate
62,ache
63,achievable
64,achieve
65,achievement
66,achromatic
67,acid
68,acknowledge
69,acknowledgement
70,acoustic
71,acquaintance
72,acquire
73,acquisition
74,acre
75,acrobat
76,acronym
77,across
78,act
79,action
80,activate
81,activation
82,activator
83,activism
84,activist
85,actor
86,actress
87,actual
88,actuality
89,acupuncture
90,acute
91,adamant
92,adapt
93,adaptation
94,adaptor
95,add
96,addiction
97,addictive
98,addition
99,address
100,adequate
101,adhere
102,adherent
103,adhesion
104,adhesive
105,adjacency
106,adjacent
107,adjective
108,adjust
109,adjustable
110,adjustment
111,administration
112,admirable
113,admiration
114,admire
115,admirer
116,admit
117,adolescence
118,adolescent
119,adopt
120,adorable
121,adoration
122,adore
123,adrenalin
124,adrift
125,adult
126,adulthood
127,advance
128,advancement
129,advantage
130,advantageous
131,adventure
132,adventurer
133,adversary
134,adversity
135,advertisement
136,advice
137,advise
138,advocate
139,aerial
140,aerodynamic
141,aesthetic
142,affair
143,affectionate
144,affiliate
145,affinity
146,affirmation
147,afford
148,affordable
149,afraid
150,after
151,afterlife
152,afternoon
153,afterwards
154,again
155,against
156,age
157,agency
158,agenda
159,aggravate
160,aggression
161,aggressive
162,agile
163,agility
164,agree
165,agreement
166,agriculture
167,ahead
168,aid
169,aim
170,air
171,airconditioning
172,aircraft
173,airgun
174,airplane
175,airport
176,alarm
177,albatross
178,album
179,alchemist
180,alcohol
181,alert
182,algebra
183,algorithm
184,alibi
185,alien
186,alienate
187,align
188,alignment
189,alive
190,allegation
191,allergic
192,allergy
193,alleviate
194,alley
195,alliance
196,alligator
197,alliterate
198,allocate
199,allow
200,allude
201,almighty
202,almond
203,almost
204,alone
205,aloof
206,alphabet
207,already
208,alright
209,alternative
210,alternator
211,although
212,altitude
213,aluminium
214,always
215,amateur
216,amazing
217,ambassador
218,ambiance
219,ambidextrous
220,ambience
221,ambient
222,ambiguous
223,ambition
224,ambivalence
225,ambulance
226,ambush
227,ameliorate
228,amend
229,ammo
230,amnesia
231,amoeba
232,among
233,amoral
234,amp
235,amphetamine
236,amphibious
237,amphitheatre
238,ample
239,amplification
240,amplifier
241,amulet
242,amuse
243,amusement
244,anachronism
245,anagram
246,analysis
247,anarchy
248,anatomy
249,ancestor
250,anchor
251,ancient
252,anecdote
253,angel
254,angelic
255,anger
256,angle
257,angry
258,animal
259,animate
260,animosity
261,ankle
262,annexation
263,annihilate
264,anniversary
265,annotation
266,announce
267,announcement
268,annoyance
269,anomaly
270,anonymous
271,another
272,answer
273,ant
274,antenna
275,anthem
276,anthrax
277,anthropology
278,antibiotics
279,anticipate
280,antics
281,antidote
282,antilope
283,antimatter
284,antique
285,anvil
286,anxiety
287,anxious
288,anybody
289,anymore
290,anything
291,apartment
292,apathy
293,ape
294,apology
295,apotheosis
296,appalling
297,appeal
298,appearance
299,append
300,appetite
301,applaud
302,applause
303,apple
304,appliance
305,applicant
306,application
307,appointment
308,appraisal
309,appreciate
310,appreciation
311,approval
312,approve
313,approximately
314,apricot
315,apron
316,aquarium
317,arbitrary
318,archaeologist
319,archaeology
320,archangel
321,archbishop
322,archer
323,archetype
324,archipelago
325,architect
326,archive
327,ardent
328,area
329,arena
330,argue
331,argument
332,armada
333,armour
334,armpit
335,army
336,aroma
337,aromatherapy
338,around
339,arousal
340,arouse
341,arrange
342,array
343,arrest
344,arrival
345,arrogant
346,arrow
347,arsenal
348,art
349,artefact
350,article
351,artificial
352,artist
353,artistic
354,artwork
355,ascend
356,ascendency
357,ascetic
358,ashamed
359,ashtray
360,aside
361,ask
362,asleep
363,asparagus
364,asphalt
365,aspire
366,assassin
367,assault
368,assemble
369,assert
370,assertive
371,assessment
372,assign
373,assignment
374,assist
375,assistance
376,associate
377,association
378,assume
379,assumption
380,assurance
381,asterisk
382,asteroid
383,asthma
384,astonish
385,astonishment
386,astounding
387,astral
388,astrology
389,astronaut
390,astrophysics
391,asylum
392,asymmetric
393,asynchronous
394,atheism
395,atheist
396,athlete
397,athletic
398,athletics
399,atlas
400,atmosphere
401,atom
402,atonality
403,atrocious
404,atrocity
405,attach
406,attachment
407,attack
408,attain
409,attempt
410,attend
411,attendance
412,attention
413,attic
414,attitude
415,attorney
416,attract
417,attribute
418,auction
419,auctioneer
420,audacious
421,audacity
422,audible
423,audience
424,audio
425,augment
426,authentic
427,authenticity
428,author
429,authorisation
430,authority
431,autism
432,autobiography
433,automatic
434,automation
435,autonomy
436,autumn
437,auxiliary
438,available
439,avalanche
440,avantgarde
441,avenger
442,avenue
443,average
444,aviation
445,avid
446,avocado
447,avoid
448,await
449,awake
450,award
451,aware
452,away
453,awesome
454,awful
455,awkward
456,axe
457,axiom
458,axis
459,baboon
460,baby
461,babyface
462,babysitter
463,bachelor
464,back
465,backbone
466,backdrop
467,backfire
468,background
469,backlash
470,backpack
471,backpacker
472,backseat
473,backside
474,backslash
475,backspace
476,backstage
477,backup
478,backwards
479,backyard
480,bacon
481,bacteria
482,bacteriology
483,bad
484,badge
485,badger
486,badminton
487,bag
488,bagpipe
489,bail
490,bait
491,bakery
492,balance
493,balcony
494,bald
495,baldness
496,ball
497,ballad
498,ballast
499,ballerina
500,ballistic
501,balloon
502,ballroom
503,baloney
504,bamboo
505,bamboozled
506,ban
507,banality
508,banana
509,band
510,bandwidth
511,banish
512,banjo
513,bank
514,bankrupt
515,bankruptcy
516,banner
517,banquet
518,banter
519,baptise
520,baptism
521,bar
522,barbarian
523,barbarism
524,barbecue
525,barber
526,barcode
527,bare
528,barefoot
529,barely
530,bargain
531,baritone
532,bark
533,barmaid
534,barnacle
535,barometer
536,baron
537,baroness
538,baroque
539,barrack
540,barrel
541,barricade
542,barrier
543,bartender
544,baseball
545,baseline
546,basement
547,basic
548,basil
549,basketball
550,bass
551,bassist
552,bassoon
553,bastard
554,bat
555,batch
556,bate
557,bath
558,bathroom
559,bathtub
560,battery
561,battle
562,battlefield
563,battleground
564,battleship
565,baulk
566,bay
567,bazooka
568,beach
569,beacon
570,beagle
571,beak
572,beam
573,bean
574,beanbag
575,beanstalk
576,bear
577,beard
578,beast
579,beat
580,beatnik
581,beautiful
582,beaver
583,bebop
584,become
585,bedpan
586,bedridden
587,bedtime
588,bee
589,beef
590,beehive
591,beer
592,beetle
593,before
594,befriend
595,beg
596,beggar
597,beginner
598,beginning
599,behave
600,behemoth
601,behind
602,behold
603,beige
604,belch
605,belief
606,believe
607,belong
608,beloved
609,below
610,belt
611,bench
612,benchmark
613,bend
614,beneath
615,beneficial
616,benefit
617,benevolence
618,benevolent
619,benign
620,benzene
621,berry
622,besides
623,best
624,bestiality
625,bestow
626,bestseller
627,beta
628,betrayal
629,between
630,beverage
631,bewildered
632,bias
633,bible
634,biceps
635,bicycle
636,bid
637,bifocal
638,big
639,bigamy
640,bike
641,bilateral
642,bilingual
643,bill
644,billboard
645,billiards
646,billionaire
647,bimonthly
648,binary
649,binder
650,binoculars
651,biochemistry
652,biodiversity
653,biography
654,biology
655,bipartisan
656,bipolar
657,bird
658,birdsong
659,birth
660,birthday
661,birthmark
662,birthplace
663,birthright
664,biscuit
665,bisexual
666,bishop
667,bison
668,bistro
669,bite
670,bitmap
671,bitter
672,bittersweet
673,bizarre
674,black
675,blackberry
676,blackboard
677,blackjack
678,blacklist
679,blackmail
680,blackout
681,blade
682,blame
683,bland
684,blank
685,blanket
686,blasphemy
687,blast
688,blatant
689,bleach
690,bleak
691,bleed
692,blend
693,blender
694,bless
695,blessing
696,blimp
697,blind
698,blindfold
699,blindness
700,blink
701,bliss
702,blissful
703,blister
704,blizzards
705,blob
706,block
707,blockbuster
708,blond
709,blood
710,bloodbath
711,bloodshed
712,bloodstain
713,bloodthirsty
714,bloody
715,bloom
716,blossom
717,blowtorch
718,blubber
719,blue
720,blueberry
721,bluebird
722,bluff
723,blunder
724,blunt
725,blur
726,blush
727,board
728,boat
729,body
730,bodyguard
731,boil
732,boiler
733,bold
734,bomb
735,bombardment
736,bombastic
737,bombshell
738,bonfire
739,bonus
740,book
741,booklet
742,bookmark
743,bookshop
744,boomerang
745,boost
746,booth
747,bootleg
748,boots
749,bootstrap
750,booze
751,border
752,boredom
753,boring
754,born
755,borrow
756,boss
757,botanic
758,both
759,bother
760,bottle
761,bottom
762,boulder
763,boulevard
764,bounce
765,boundary
766,bounty
767,bourbon
768,bow
769,bowel
770,bowling
771,box
772,boxer
773,boycott
774,boyfriend
775,bra
776,bracelet
777,brackets
778,brain
779,brainless
780,brake
781,branch
782,brand
783,brandy
784,brave
785,breach
786,bread
787,break
788,breakable
789,breakdown
790,breakfast
791,breakthrough
792,breakup
793,breath
794,breathalyser
795,breathe
796,breech
797,breed
798,breeze
799,brevity
800,brewery
801,bribe
802,brick
803,bride
804,bridesmaid
805,bridge
806,brief
807,briefcase
808,brigade
809,bright
810,brightness
811,brilliance
812,brilliant
813,brimstone
814,brink
815,brittle
816,broadband
817,broadcast
818,broaden
819,broccoli
820,broken
821,brokenhearted
822,bronze
823,broth
824,brother
825,brotherhood
826,brow
827,brown
828,brownie
829,browse
830,browser
831,bruise
832,brunch
833,brunette
834,brush
835,brutal
836,bubble
837,bubblegum
838,buck
839,bucket
840,buckle
841,buddhism
842,buddy
843,budget
844,buffalo
845,buffet
846,bug
847,bugger
848,builder
849,building
850,bulb
851,bull
852,bulldog
853,bulldozer
854,bulletin
855,bulletproof
856,bullfrog
857,bully
858,bump
859,bun
860,bunch
861,bundle
862,bungalow
863,bungee
864,bunker
865,bunny
866,burden
867,bureaucracy
868,burger
869,burglar
870,burgundy
871,burial
872,burlesque
873,burn
874,burst
875,bus
876,bush
877,business
878,businessman
879,busy
880,but
881,butcher
882,butchery
883,butler
884,butter
885,butterfly
886,button
887,buyer
888,buzz
889,bye
890,bypass
891,byte
892,cab
893,cabaret
894,cabbage
895,cabin
896,cabinet
897,cable
898,cacao
899,cache
900,cacophony
901,cactus
902,cadaver
903,cafe
904,cafeteria
905,cage
906,cake
907,calamity
908,calcium
909,calculate
910,calculation
911,calculator
912,caldron
913,calendar
914,calibrate
915,calibre
916,call
917,caller
918,callgirl
919,calligraphy
920,callow
921,calm
922,calorie
923,calypso
924,camcorder
925,camel
926,cameo
927,camera
928,cameraman
929,camouflage
930,camp
931,campaign
932,campsite
933,campus
934,can
935,canal
936,canary
937,cancel
938,cancellation
939,candid
940,candidacy
941,candidate
942,candle
943,cannibal
944,cannibalism
945,cannon
946,canoe
947,canopy
948,canteen
949,canvas
950,cap
951,capability
952,capable
953,capacity
954,cape
955,capitalisation
956,capitalise
957,cappuccino
958,capsize
959,capsule
960,captain
961,caption
962,captivate
963,captive
964,captivity
965,caravan
966,carbonated
967,carcass
968,card
969,cardboard
970,cardinal
971,cardiology
972,care
973,career
974,carefree
975,careful
976,careless
977,caress
978,caricature
979,carnival
980,carnivore
981,carpet
982,carport
983,carriage
984,carrier
985,cart
986,carton
987,cartoon
988,cartridge
989,cartwheel
990,cascade
991,case
992,cash
993,cashier
994,casing
995,casino
996,casket
997,cassette
998,cast
999,casting
1000,casual
1001,casualty
1002,cat
1003,catalogue
1004,catamaran
1005,catapult
1006,cataract
1007,catastrophe
1008,catch
1009,catchphrase
1010,catchy
1011,categorical
1012,categorisation
1013,category
1014,caterer
1015,catering
1016,caterpillar
1017,catfish
1018,catharsis
1019,cathartic
1020,cathedral
1021,catholic
1022,catsuit
1023,catwalk
1024,cauldron
1025,cauliflower
1026,cause
1027,caution
1028,cautious
1029,cavalry
1030,cave
1031,caveat
1032,cavity
1033,cease
1034,ceasefire
1035,cedar
1036,cedarwood
1037,ceiling
1038,celebrate
1039,celebration
1040,celebrity
1041,celeriac
1042,celery
1043,celestial
1044,celibacy
1045,cell
1046,cellist
1047,cello
1048,cellophane
1049,cellular
1050,cemetery
1051,censor
1052,censorship
1053,centennial
1054,centimetre
1055,centipede
1056,central
1057,centralisation
1058,centre
1059,centrefold
1060,centrepiece
1061,centrifugal
1062,centrifuge
1063,century
1064,ceramics
1065,cereal
1066,cerebral
1067,ceremony
1068,certain
1069,certainty
1070,certificate
1071,certification
1072,certify
1073,cessation
1074,chain
1075,chainsaw
1076,chair
1077,chairman
1078,chalk
1079,challenge
1080,chamber
1081,chameleon
1082,champagne
1083,champion
1084,chance
1085,chancellor
1086,chandelier
1087,change
1088,channel
1089,chant
1090,chaos
1091,chapel
1092,chaperone
1093,chapter
1094,character
1095,characterisation
1096,charcoal
1097,charge
1098,chargeable
1099,charger
1100,chariot
1101,charisma
1102,charity
1103,charlatan
1104,charm
1105,charming
1106,chart
1107,charter
1108,chase
1109,chasm
1110,chastise
1111,chat
1112,chatterbox
1113,cheap
1114,cheat
1115,check
1116,checklist
1117,checkmate
1118,checkout
1119,checkpoint
1120,cheddar
1121,cheek
1122,cheekbone
1123,cheeky
1124,cheer
1125,cheerful
1126,cheerleader
1127,cheeseburger
1128,cheetah
1129,chef
1130,chemical
1131,chemistry
1132,cheque
1133,chequebook
1134,cherish
1135,cherry
1136,cherub
1137,chessboard
1138,chestnut
1139,chewable
1140,chewy
1141,chick
1142,chicken
1143,chief
1144,chihuahua
1145,child
1146,childish
1147,chili
1148,chill
1149,chimney
1150,chimp
1151,chip
1152,chipmunk
1153,chiropractor
1154,chivalrous
1155,chlorine
1156,chloroform
1157,chocolate
1158,choice
1159,choir
1160,choke
1161,chord
1162,choreographer
1163,chorus
1164,chosen
1165,chromatic
1166,chrome
1167,chronic
1168,chronicle
1169,chronology
1170,chrysanthemum
1171,chuckle
1172,church
1173,churchyard
1174,cider
1175,cigar
1176,cigarette
1177,cinematography
1178,cinnamon
1179,circle
1180,circuit
1181,circular
1182,circulation
1183,circumstance
1184,circus
1185,citadel
1186,citation
1187,citizen
1188,citrus
1189,city
1190,civic
1191,civilian
1192,civilisation
1193,civilization
1194,claim
1195,clap
1196,clarification
1197,clarify
1198,clarinet
1199,clarity
1200,clash
1201,class
1202,classical
1203,classics
1204,classification
1205,classifier
1206,classify
1207,classmate
1208,classroom
1209,clause
1210,claustrophobia
1211,clavichord
1212,clean
1213,cleaner
1214,cleanliness
1215,cleanser
1216,clear
1217,clench
1218,clergyman
1219,clerk
1220,clever
1221,cliche
1222,click
1223,client
1224,cliffhanger
1225,climate
1226,climax
1227,climb
1228,clinch
1229,cling
1230,clinic
1231,clipboard
1232,clock
1233,clockwise
1234,clockwork
1235,clone
1236,close
1237,closed
1238,closet
1239,closure
1240,cloth
1241,clothing
1242,cloud
1243,clown
1244,club
1245,clue
1246,clueless
1247,clumsy
1248,clutch
1249,clutter
1250,coach
1251,coal
1252,coalition
1253,coarse
1254,coast
1255,coastal
1256,coaster
1257,coastguard
1258,coat
1259,coathanger
1260,coating
1261,coauthor
1262,cobra
1263,cocktail
1264,coconut
1265,cocoon
1266,code
1267,codename
1268,coefficient
1269,coexist
1270,coffee
1271,coffin
1272,cognac
1273,cohabitation
1274,cohere
1275,cohesion
1276,coin
1277,coincide
1278,coincidental
1279,cold
1280,coldhearted
1281,collaborate
1282,collaboration
1283,collage
1284,collapse
1285,collar
1286,collarbone
1287,collateral
1288,colleague
1289,collect
1290,collection
1291,collectivity
1292,collector
1293,college
1294,collide
1295,collision
1296,collude
1297,collusion
1298,colonel
1299,colonisation
1300,colony
1301,colour
1302,column
1303,columnist
1304,combination
1305,combine
1306,come
1307,comeback
1308,comedian
1309,comedy
1310,comet
1311,comfort
1312,comfortable
1313,comical
1314,comics
1315,command
1316,commander
1317,commando
1318,commemorate
1319,commemoration
1320,commendable
1321,comment
1322,commentary
1323,commentator
1324,commercial
1325,commercialisation
1326,commiseration
1327,commission
1328,commit
1329,commitment
1330,commodity
1331,common
1332,commonwealth
1333,commotion
1334,communication
1335,communion
1336,communist
1337,community
1338,compact
1339,companionship
1340,company
1341,comparable
1342,compare
1343,compartment
1344,compass
1345,compassionate
1346,compelled
1347,compensate
1348,compensation
1349,compete
1350,competence
1351,competition
1352,competitive
1353,competitor
1354,compilation
1355,compile
1356,complacency
1357,complacent
1358,complain
1359,complementary
1360,complete
1361,completeness
1362,complex
1363,complexity
1364,compliance
1365,complication
1366,compliment
1367,complimentary
1368,comply
1369,component
1370,compose
1371,composition
1372,composure
1373,compound
1374,comprehend
1375,comprehensive
1376,compress
1377,compression
1378,compressor
1379,compromise
1380,compulsive
1381,compulsory
1382,computation
1383,compute
1384,computer
1385,concatenate
1386,concave
1387,conceal
1388,concede
1389,conceivable
1390,conceive
1391,concentrate
1392,concentration
1393,concept
1394,concern
1395,concert
1396,concession
1397,conciliation
1398,concise
1399,conclude
1400,conclusion
1401,conclusive
1402,concoction
1403,concrete
1404,concubine
1405,concur
1406,concussion
1407,condemn
1408,condemnation
1409,condensation
1410,condensed
1411,condescending
1412,condiment
1413,condition
1414,condor
1415,conduct
1416,conductor
1417,cone
1418,confection
1419,confederate
1420,conference
1421,confession
1422,confetti
1423,confidant
1424,confide
1425,confidence
1426,confidential
1427,configuration
1428,configure
1429,confine
1430,confinement
1431,confirm
1432,confirmation
1433,confiscate
1434,conflict
1435,conform
1436,conformist
1437,conformity
1438,confront
1439,confrontation
1440,confuse
1441,confusion
1442,congeniality
1443,congestion
1444,conglomerate
1445,congratulate
1446,congratulations
1447,congress
1448,conical
1449,connect
1450,conquer
1451,conquest
1452,conscience
1453,consciousness
1454,consecutive
1455,consensus
1456,consent
1457,consequence
1458,consequential
1459,conservation
1460,conservative
1461,conserve
1462,consider
1463,considerable
1464,consideration
1465,consistency
1466,consolation
1467,console
1468,consolidate
1469,consolidation
1470,consonant
1471,consortium
1472,conspicuous
1473,conspiracy
1474,constable
1475,constant
1476,constellation
1477,consternation
1478,constipation
1479,constituency
1480,constitution
1481,constrain
1482,construction
1483,consultancy
1484,consultant
1485,consume
1486,consumerism
1487,consumption
1488,contact
1489,contagious
1490,contain
1491,container
1492,contaminant
1493,contamination
1494,contemplate
1495,contemplation
1496,contemporary
1497,contempt
1498,contend
1499,contender
1500,content
1501,contestant
1502,context
1503,contextual
1504,continents
1505,continuation
1506,continue
1507,continuous
1508,contraband
1509,contraception
1510,contract
1511,contractor
1512,contradiction
1513,contrary
1514,contribute
1515,contribution
1516,contributor
1517,contrive
1518,control
1519,controller
1520,controversial
1521,controversy
1522,convenience
1523,conventional
1524,convergence
1525,conversation
1526,conversion
1527,convert
1528,convey
1529,convict
1530,conviction
1531,convincing
1532,cook
1533,cookbook
1534,cookie
1535,cool
1536,cooler
1537,cooperate
1538,cooperation
1539,coordinate
1540,coordination
1541,cop
1542,copilot
1543,copper
1544,copy
1545,copycat
1546,copyright
1547,copywriter
1548,cord
1549,cordiality
1550,core
1551,coriander
1552,corner
1553,cornerstone
1554,coronary
1555,coronation
1556,corporal
1557,corporation
1558,correct
1559,correction
1560,correlation
1561,correspondence
1562,correspondent
1563,corridor
1564,corrosion
1565,corrupt
1566,corruption
1567,cosmetics
1568,cosmology
1569,cosmonauts
1570,cosmopolitan
1571,cost
1572,costar
1573,costume
1574,cosy
1575,cottage
1576,cotton
1577,couch
1578,cougar
1579,cough
1580,council
1581,counsel
1582,counsellor
1583,count
1584,countdown
1585,counterattack
1586,counterfeit
1587,counterpart
1588,country
1589,county
1590,couple
1591,coupon
1592,courage
1593,course
1594,court
1595,courtesy
1596,courthouse
1597,courtroom
1598,courtship
1599,cousin
1600,cover
1601,coverage
1602,cow
1603,coward
1604,cowboy
1605,coworker
1606,coy
1607,crab
1608,crack
1609,crackdown
1610,cracker
1611,crackle
1612,crackpot
1613,cradle
1614,craft
1615,craftsmanship
1616,crammed
1617,cramp
1618,cranberry
1619,crane
1620,crash
1621,crave
1622,crawl
1623,crayfish
1624,craziness
1625,crazy
1626,cream
1627,crease
1628,create
1629,creation
1630,creative
1631,creativity
1632,creator
1633,creature
1634,credentials
1635,credibility
1636,credit
1637,creditworthiness
1638,creed
1639,creek
1640,creep
1641,crescent
1642,crew
1643,cricket
1644,crime
1645,criminal
1646,criteria
1647,critic
1648,critical
1649,criticism
1650,crocodile
1651,crop
1652,cross
1653,crossbow
1654,crossover
1655,crossroads
1656,crossword
1657,crowd
1658,crown
1659,crucial
1660,crucifix
1661,crucify
1662,crude
1663,cruel
1664,cruise
1665,crumb
1666,crunchy
1667,crusade
1668,crush
1669,crust
1670,crustacean
1671,cry
1672,cryptic
1673,crystal
1674,cube
1675,cubism
1676,cucumber
1677,cuddle
1678,cue
1679,cuff
1680,culminate
1681,culmination
1682,culprit
1683,cult
1684,cultivate
1685,culture
1686,cumbersome
1687,cup
1688,cupboard
1689,curb
1690,cure
1691,curfew
1692,curiosity
1693,curious
1694,curling
1695,curly
1696,currency
1697,current
1698,curriculum
1699,curse
1700,cursor
1701,curtail
1702,curtain
1703,curvature
1704,curve
1705,cushion
1706,custard
1707,custodian
1708,custody
1709,custom
1710,customer
1711,customisation
1712,cut
1713,cutback
1714,cute
1715,cutlery
1716,cutout
1717,cuttlefish
1718,cyan
1719,cyberspace
1720,cyborg
1721,cycle
1722,cyclist
1723,cylinder
1724,cymbal
1725,cynical
1726,cynicism
1727,cypress
1728,czar
1729,dad
1730,daffodil
1731,daft
1732,dagger
1733,daily
1734,dairy
1735,daisy
1736,damage
1737,damn
1738,damnation
1739,damp
1740,dance
1741,dancer
1742,dandelion
1743,dandruff
1744,danger
1745,dangerous
1746,dangle
1747,dare
1748,daredevil
1749,dark
1750,darken
1751,darkness
1752,dartboard
1753,dashboard
1754,database
1755,date
1756,daughter
1757,daunting
1758,dawn
1759,day
1760,daydream
1761,daylight
1762,deactivate
1763,dead
1764,deadline
1765,deaf
1766,deal
1767,dealer
1768,dealership
1769,dear
1770,death
1771,debate
1772,debit
1773,debris
1774,debt
1775,debug
1776,debut
1777,debutant
1778,decade
1779,decadence
1780,decaf
1781,decapitation
1782,decay
1783,decease
1784,deceitful
1785,december
1786,decency
1787,decentralisation
1788,deception
1789,deceptive
1790,decibel
1791,decide
1792,decimal
1793,decision
1794,decisive
1795,deck
1796,declaration
1797,declare
1798,decline
1799,decoder
1800,decorate
1801,decoration
1802,decrease
1803,dedicate
1804,dedication
1805,deejay
1806,deep
1807,deer
1808,defamation
1809,default
1810,defeat
1811,defect
1812,defective
1813,defence
1814,defend
1815,defendant
1816,defensive
1817,defiance
1818,defiant
1819,defibrillator
1820,deficit
1821,define
1822,definitely
1823,definition
1824,definitive
1825,deforestation
1826,defunct
1827,defy
1828,degradation
1829,degrade
1830,degree
1831,dehydration
1832,deism
1833,deity
1834,delay
1835,delegate
1836,delegation
1837,delete
1838,deletion
1839,deliberate
1840,deliberately
1841,deliberation
1842,delicacy
1843,delicate
1844,delight
1845,delightful
1846,delinquent
1847,delirious
1848,delirium
1849,deliver
1850,deliverable
1851,deliverance
1852,delusion
1853,deluxe
1854,demagogue
1855,demand
1856,demeanour
1857,demise
1858,democracy
1859,demographics
1860,demolish
1861,demolition
1862,demon
1863,demonstration
1864,demoralising
1865,denial
1866,denigration
1867,denim
1868,dense
1869,density
1870,dent
1871,dentist
1872,dentistry
1873,deny
1874,deodorant
1875,department
1876,departure
1877,depend
1878,dependency
1879,dependent
1880,depict
1881,depiction
1882,deploy
1883,deployment
1884,deposit
1885,depot
1886,deprecated
1887,depression
1888,deprivation
1889,deprive
1890,depth
1891,deputy
1892,dermatitis
1893,descend
1894,descendant
1895,describe
1896,description
1897,desert
1898,deserve
1899,design
1900,desirable
1901,desire
1902,desk
1903,desktop
1904,despair
1905,desperate
1906,despite
1907,dessert
1908,destabilisation
1909,destination
1910,destiny
1911,destroy
1912,destruction
1913,detach
1914,detachment
1915,detail
1916,detect
1917,detention
1918,detergent
1919,determination
1920,determine
1921,detonate
1922,detox
1923,detract
1924,detraction
1925,detritus
1926,devastating
1927,devastation
1928,development
1929,deviance
1930,deviate
1931,device
1932,devil
1933,devious
1934,devoted
1935,devotion
1936,dew
1937,diabetes
1938,diagnosis
1939,diagonal
1940,diagram
1941,dial
1942,dialogue
1943,diamond
1944,diaper
1945,diary
1946,dice
1947,dictate
1948,dictation
1949,dictator
1950,dictionary
1951,diet
1952,dietician
1953,differ
1954,difference
1955,differential
1956,difficult
1957,difficulty
1958,dig
1959,digest
1960,digestion
1961,digger
1962,digital
1963,dignify
1964,dilation
1965,dilemma
1966,dilettante
1967,dim
1968,dimension
1969,diminish
1970,dimwit
1971,dine
1972,diner
1973,dinosaur
1974,diplomat
1975,diplomatic
1976,direct
1977,direction
1978,director
1979,dirt
1980,disability
1981,disable
1982,disabled
1983,disadvantage
1984,disagree
1985,disagreement
1986,disappear
1987,disappoint
1988,disappointment
1989,disapprove
1990,disarm
1991,disaster
1992,discipline
1993,disclaimer
1994,disclosure
1995,discography
1996,discount
1997,discouragement
1998,discover
1999,discovery
2000,discreet
2001,discretion
2002,discussion
2003,disdain
2004,disease
2005,disembodiment
2006,disguise
2007,disgusting
2008,dish
2009,disillusion
2010,disintegrate
2011,dismantle
2012,dismay
2013,dismiss
2014,dismissal
2015,disobey
2016,dispatch
2017,dispenser
2018,display
2019,dispute
2020,disqualification
2021,disquiet
2022,dissident
2023,dissolve
2024,dissonant
2025,distance
2026,distant
2027,distasteful
2028,distinct
2029,distinction
2030,distinguish
2031,distortion
2032,distract
2033,distraction
2034,distribution
2035,district
2036,disturb
2037,disturbance
2038,ditch
2039,dive
2040,divergence
2041,diverse
2042,diversion
2043,diversity
2044,divide
2045,divine
2046,division
2047,divorce
2048,docile
2049,dock
2050,doctor
2051,doctrine
2052,document
2053,documentary
2054,dodecahedron
2055,dodge
2056,dog
2057,dogma
2058,dollar
2059,dolphin
2060,domain
2061,dome
2062,domestic
2063,dominance
2064,donate
2065,donation
2066,done
2067,donkey
2068,donor
2069,donut
2070,doodle
2071,doom
2072,doomsday
2073,door
2074,doorbell
2075,doorkeeper
2076,doorknob
2077,doorstep
2078,dopamine
2079,dormant
2080,dormitory
2081,dose
2082,double
2083,doubt
2084,doubtful
2085,dove
2086,downfall
2087,downhill
2088,download
2089,downtown
2090,dozen
2091,draconian
2092,draft
2093,dragon
2094,dragonfly
2095,drain
2096,drama
2097,dramatic
2098,drastic
2099,draw
2100,drawback
2101,drawer
2102,dreadful
2103,dreadlocks
2104,dream
2105,dreamer
2106,dreary
2107,dress
2108,dresser
2109,dressing
2110,dribble
2111,driftwood
2112,drill
2113,drink
2114,drive
2115,driver
2116,driveway
2117,drizzle
2118,dromedary
2119,drone
2120,drop
2121,droplet
2122,dropout
2123,drumbeat
2124,drummer
2125,drums
2126,drumsticks
2127,drunk
2128,dry
2129,dualism
2130,duality
2131,dub
2132,duck
2133,duckling
2134,dude
2135,duel
2136,dull
2137,dump
2138,dune
2139,duplicate
2140,duplication
2141,durable
2142,durations
2143,dusk
2144,dustbin
2145,duty
2146,dwarf
2147,dwell
2148,dye
2149,dynamical
2150,dynamics
2151,dynamite
2152,dynasty
2153,dysfunctional
2154,each
2155,eager
2156,eagle
2157,ear
2158,earache
2159,early
2160,earn
2161,earnings
2162,earplug
2163,earth
2164,earthquake
2165,east
2166,easy
2167,easygoing
2168,eavesdropping
2169,ebb
2170,ebony
2171,eccentric
2172,echelon
2173,echo
2174,eclectic
2175,eclipse
2176,ecological
2177,economics
2178,economy
2179,ecosystem
2180,ecstatic
2181,edge
2182,edible
2183,edit
2184,edition
2185,editor
2186,editorial
2187,education
2188,eel
2189,effective
2190,efficacy
2191,efficiency
2192,efficient
2193,effort
2194,effortless
2195,egg
2196,eggshell
2197,egocentric
2198,eight
2199,eighties
2200,either
2201,eject
2202,elaborate
2203,elastic
2204,elasticity
2205,elbow
2206,elderberry
2207,election
2208,electrician
2209,electricity
2210,electrocardiogram
2211,electrocution
2212,electrode
2213,electromagnetism
2214,electron
2215,electronics
2216,elegance
2217,elegant
2218,elegy
2219,element
2220,elementary
2221,elephant
2222,eleven
2223,eligible
2224,eliminate
2225,elimination
2226,elite
2227,elixir
2228,ellipse
2229,elope
2230,eloquence
2231,elsewhere
2232,elusive
2233,email
2234,embark
2235,embarrassed
2236,embassy
2237,embellish
2238,embodiment
2239,embryo
2240,emerge
2241,emergency
2242,emission
2243,emotion
2244,empathic
2245,empathy
2246,emperor
2247,emphasis
2248,empire
2249,employee
2250,employer
2251,employment
2252,empowerment
2253,emptiness
2254,empty
2255,emulate
2256,emulation
2257,enable
2258,enactment
2259,encapsulation
2260,enchanted
2261,enchantment
2262,enclave
2263,encounter
2264,encouragement
2265,encryption
2266,encyclopedia
2267,end
2268,endear
2269,endeavour
2270,endgame
2271,endless
2272,endorphins
2273,endorse
2274,endorsement
2275,endurance
2276,enemy
2277,energy
2278,enfold
2279,enforce
2280,enforcement
2281,engage
2282,engagement
2283,engine
2284,engineer
2285,engrave
2286,enhancement
2287,enigma
2288,enjoy
2289,enjoyment
2290,enlargement
2291,enlightenment
2292,enlistment
2293,enormity
2294,enormous
2295,enough
2296,ensure
2297,enter
2298,enterprise
2299,entertainer
2300,entertainment
2301,enthusiasm
2302,enticement
2303,enticing
2304,entirely
2305,entity
2306,entrance
2307,entrepreneur
2308,entry
2309,entwined
2310,envelope
2311,environment
2312,envision
2313,envy
2314,enzyme
2315,eon
2316,epic
2317,epicentre
2318,epilepsy
2319,episode
2320,epitaph
2321,equal
2322,equaliser
2323,equality
2324,equation
2325,equator
2326,equilibrium
2327,equine
2328,equinox
2329,equipment
2330,equivalent
2331,era
2332,erase
2333,eraser
2334,ergonomics
2335,erode
2336,erosion
2337,errands
2338,erratic
2339,erroneous
2340,error
2341,erudite
2342,erupt
2343,eruption
2344,escalation
2345,escape
2346,eschew
2347,esoteric
2348,essence
2349,essential
2350,establishment
2351,estate
2352,esteem
2353,estimate
2354,etch
2355,eternal
2356,eternity
2357,ethanol
2358,ethic
2359,ethnicity
2360,etymology
2361,eucalyptus
2362,eunuch
2363,euphemism
2364,euphoria
2365,evacuate
2366,evacuation
2367,evaluate
2368,evaluation
2369,evangelist
2370,evaporate
2371,evasion
2372,evasive
2373,even
2374,evening
2375,event
2376,eventful
2377,eventually
2378,evergreen
2379,everlasting
2380,everybody
2381,everyone
2382,everything
2383,everywhere
2384,eviction
2385,evidence
2386,evil
2387,evoke
2388,evolution
2389,evolve
2390,exact
2391,exaggerate
2392,exaggeration
2393,exam
2394,examination
2395,example
2396,excavation
2397,exceed
2398,excellence
2399,excellent
2400,except
2401,exception
2402,exceptional
2403,excerpt
2404,excessive
2405,exchange
2406,excited
2407,exciting
2408,exclude
2409,exclusion
2410,exclusive
2411,excursion
2412,excuse
2413,execute
2414,execution
2415,executioner
2416,executive
2417,exemplary
2418,exercise
2419,exhale
2420,exhausted
2421,exhibition
2422,exhilaration
2423,exile
2424,existence
2425,existential
2426,exit
2427,exorcism
2428,exorcist
2429,exoskeleton
2430,exotic
2431,expand
2432,expansion
2433,expect
2434,expectancy
2435,expectation
2436,expedition
2437,expense
2438,expensive
2439,experience
2440,experiment
2441,experimental
2442,expert
2443,expertise
2444,expiration
2445,expire
2446,explain
2447,explanation
2448,explicit
2449,explode
2450,exploitation
2451,explore
2452,explosion
2453,explosive
2454,exponent
2455,exponentially
2456,expose
2457,exposure
2458,express
2459,expression
2460,expressionism
2461,expressive
2462,extend
2463,extension
2464,exterior
2465,extinguish
2466,extinguisher
2467,extortion
2468,extra
2469,extract
2470,extraction
2471,extraordinary
2472,extrapolation
2473,extraterrestrial
2474,extravagance
2475,extravagant
2476,extreme
2477,extroversion
2478,extrovert
2479,exuberant
2480,exude
2481,eye
2482,eyebrow
2483,eyelash
2484,eyeliner
2485,eyepatch
2486,fabric
2487,fabrication
2488,fabulous
2489,facade
2490,face
2491,facelift
2492,facet
2493,facial
2494,facilitate
2495,facilities
2496,fact
2497,faction
2498,factor
2499,factory
2500,fade
2501,fadeout
2502,fail
2503,failure
2504,fair
2505,fairground
2506,fairy
2507,fairytale
2508,faith
2509,faithful
2510,faithless
2511,fake
2512,falcon
2513,fall
2514,fallacy
2515,false
2516,fame
2517,familiar
2518,familiarity
2519,family
2520,famine
2521,famous
2522,fan
2523,fanatic
2524,fancy
2525,fang
2526,fantastic
2527,fantasy
2528,far
2529,farce
2530,farewell
2531,farfetched
2532,farm
2533,farmer
2534,farmland
2535,fascinating
2536,fascination
2537,fashion
2538,fast
2539,fat
2540,fatal
2541,fatality
2542,father
2543,fatherhood
2544,fatigue
2545,faucet
2546,favorable
2547,favorite
2548,favour
2549,fear
2550,feasible
2551,feather
2552,featherweight
2553,feature
2554,federal
2555,federalism
2556,feeble
2557,feedback
2558,feel
2559,feelings
2560,feline
2561,fellow
2562,felony
2563,female
2564,feminism
2565,fence
2566,fermentation
2567,ferocious
2568,ferocity
2569,ferry
2570,fertile
2571,festival
2572,festivity
2573,feud
2574,fever
2575,few
2576,fiction
2577,fictional
2578,field
2579,fierce
2580,fifty
2581,fight
2582,figure
2583,figurehead
2584,file
2585,fill
2586,film
2587,filter
2588,filth
2589,filthy
2590,final
2591,finance
2592,find
2593,finesse
2594,finger
2595,fingernail
2596,fingertip
2597,finish
2598,finite
2599,fireball
2600,firefighter
2601,fireman
2602,fireworks
2603,firm
2604,first
2605,fish
2606,fist
2607,fit
2608,five
2609,fix
2610,fixable
2611,flabbergasted
2612,flag
2613,flagship
2614,flamboyance
2615,flame
2616,flammable
2617,flare
2618,flash
2619,flashback
2620,flashbulb
2621,flashy
2622,flat
2623,flatmate
2624,flatten
2625,flavor
2626,flavour
2627,flaw
2628,flawless
2629,flea
2630,fleece
2631,fleet
2632,flesh
2633,flexibility
2634,flight
2635,flimsy
2636,flirt
2637,flirtation
2638,flood
2639,floor
2640,florist
2641,flourish
2642,flow
2643,flower
2644,fluctuation
2645,fluency
2646,fluent
2647,fluffy
2648,fluid
2649,flush
2650,flute
2651,flux
2652,fly
2653,flyer
2654,foam
2655,focus
2656,fog
2657,fold
2658,folder
2659,foliage
2660,follow
2661,follower
2662,fond
2663,fondue
2664,food
2665,fool
2666,foolishness
2667,foolproof
2668,footage
2669,football
2670,footnote
2671,footstep
2672,forbidden
2673,force
2674,forecast
2675,foreign
2676,foreigner
2677,forensic
2678,forest
2679,forever
2680,forfeit
2681,forgery
2682,forgive
2683,fork
2684,formality
2685,format
2686,formation
2687,former
2688,formula
2689,forsaken
2690,fort
2691,forthcoming
2692,fortification
2693,fortress
2694,fortune
2695,fortuneteller
2696,forum
2697,forward
2698,fossil
2699,foul
2700,foundation
2701,founder
2702,fountain
2703,four
2704,fourteen
2705,fox
2706,foxy
2707,fractional
2708,fracture
2709,fragile
2710,fragment
2711,fragrance
2712,frail
2713,frame
2714,framework
2715,franchise
2716,frantic
2717,fraternity
2718,fraud
2719,free
2720,freebie
2721,freedom
2722,freelance
2723,freeze
2724,freezer
2725,freight
2726,frenetic
2727,frenzy
2728,frequency
2729,frequent
2730,fresh
2731,friction
2732,friday
2733,friend
2734,friendly
2735,friendship
2736,frightened
2737,frightening
2738,frivolous
2739,frog
2740,front
2741,frontal
2742,frontier
2743,frontline
2744,frosty
2745,frown
2746,frozen
2747,fruit
2748,fruitful
2749,fruition
2750,frustrating
2751,frustration
2752,fudge
2753,fuel
2754,fugitive
2755,fulfilling
2756,full
2757,fumble
2758,function
2759,functional
2760,functionality
2761,fund
2762,fundamentalism
2763,fundraising
2764,funeral
2765,funky
2766,funnel
2767,funny
2768,furious
2769,furnace
2770,furniture
2771,further
2772,fury
2773,fuse
2774,fusion
2775,fuss
2776,fussy
2777,futile
2778,future
2779,futuristic
2780,fuzzy
2781,gadget
2782,gag
2783,gain
2784,galaxy
2785,gallery
2786,gallon
2787,galvanise
2788,gamble
2789,gambler
2790,game
2791,gang
2792,gangrene
2793,gangster
2794,gap
2795,garage
2796,garbage
2797,garden
2798,gardener
2799,gargoyle
2800,garlic
2801,garment
2802,garnish
2803,gas
2804,gasoline
2805,gasp
2806,gate
2807,gatekeeper
2808,gather
2809,gathering
2810,gauntlet
2811,gazelle
2812,gearbox
2813,geek
2814,gel
2815,gender
2816,genealogy
2817,general
2818,generalisation
2819,generate
2820,generation
2821,generator
2822,generic
2823,generosity
2824,generous
2825,genetic
2826,genius
2827,genre
2828,gentle
2829,gentleman
2830,gently
2831,genuine
2832,geography
2833,geologist
2834,geology
2835,germ
2836,gesticulation
2837,gesture
2838,get
2839,ghastly
2840,ghetto
2841,ghost
2842,giant
2843,gibberish
2844,giddy
2845,gift
2846,gig
2847,gigantic
2848,giggle
2849,gimmick
2850,ginger
2851,gingerbread
2852,gipsy
2853,giraffe
2854,girl
2855,girlfriend
2856,give
2857,giveaway
2858,glacier
2859,glad
2860,gladiator
2861,glamorous
2862,glance
2863,glass
2864,glide
2865,glimpse
2866,glitter
2867,global
2868,globalisation
2869,globe
2870,gloomy
2871,glorious
2872,glory
2873,glossary
2874,glove
2875,glow
2876,glue
2877,gluttony
2878,glycerine
2879,glyph
2880,gnome
2881,go
2882,goal
2883,goalkeeper
2884,goat
2885,goatee
2886,gobbledegook
2887,goblin
2888,god
2889,goddess
2890,godfather
2891,gold
2892,goldfish
2893,goldsmith
2894,golf
2895,gone
2896,gong
2897,goo
2898,good
2899,goodbye
2900,goodnight
2901,goodwill
2902,goofy
2903,goose
2904,gorge
2905,gorgeous
2906,gorilla
2907,gossip
2908,goth
2909,gothic
2910,government
2911,governor
2912,gown
2913,grab
2914,grace
2915,graceful
2916,gracious
2917,grade
2918,gradient
2919,gradually
2920,graduate
2921,graffiti
2922,grain
2923,grammar
2924,grammatical
2925,grandchild
2926,granddad
2927,granddaughter
2928,grandfather
2929,grandmother
2930,grandparent
2931,grandson
2932,granite
2933,granted
2934,granular
2935,grape
2936,grapefruit
2937,grapevine
2938,graph
2939,graphics
2940,grass
2941,grasshopper
2942,grassroots
2943,grateful
2944,gratification
2945,gratitude
2946,grave
2947,gravedigger
2948,gravel
2949,gravestone
2950,graveyard
2951,gravitate
2952,gravity
2953,grease
2954,greasy
2955,great
2956,green
2957,greengrocer
2958,greenhouse
2959,greet
2960,greetings
2961,grenade
2962,greyhound
2963,grid
2964,grief
2965,grievance
2966,grill
2967,grimace
2968,grind
2969,grinder
2970,grip
2971,grit
2972,gritty
2973,grizzly
2974,groceries
2975,groggy
2976,groom
2977,groove
2978,gross
2979,grotesque
2980,ground
2981,groundwork
2982,group
2983,grow
2984,grownup
2985,growth
2986,grudge
2987,gruesome
2988,grumpy
2989,grunge
2990,grunt
2991,guarantee
2992,guard
2993,guardian
2994,guess
2995,guest
2996,guidance
2997,guidebook
2998,guideline
2999,guillotine
3000,guilt
3001,guilty
3002,guitar
3003,guitarist
3004,gulf
3005,gullible
3006,gulp
3007,gum
3008,gun
3009,gunfight
3010,gunfire
3011,gunman
3012,gunpowder
3013,gunshot
3014,guru
3015,gut
3016,gutless
3017,gutted
3018,guy
3019,gym
3020,gymnastics
3021,gynaecologist
3022,gynaecology
3023,gyroscope
3024,habit
3025,habitat
3026,hack
3027,hacker
3028,haggis
3029,haiku
3030,hail
3031,hair
3032,hairbrush
3033,haircut
3034,hairdresser
3035,hairspray
3036,half
3037,hall
3038,hallucinate
3039,hallucination
3040,hallway
3041,halo
3042,ham
3043,hamburger
3044,hammock
3045,hamster
3046,hamstring
3047,hand
3048,handbag
3049,handbook
3050,handbrake
3051,handcuff
3052,handel
3053,handicap
3054,handkerchief
3055,handle
3056,handlebar
3057,handmade
3058,handout
3059,handshake
3060,handsome
3061,handwriting
3062,handwritten
3063,handy
3064,hang
3065,hangar
3066,hangman
3067,hangover
3068,hansom
3069,happen
3070,happening
3071,happiness
3072,happy
3073,harass
3074,harassment
3075,harbour
3076,hard
3077,hardcore
3078,hardliner
3079,hardware
3080,harlequin
3081,harm
3082,harmful
3083,harmless
3084,harmonious
3085,harmony
3086,harness
3087,harp
3088,harpoon
3089,harpsichord
3090,harsh
3091,harvest
3092,hassle
3093,hasty
3094,hat
3095,hatchback
3096,hatchet
3097,hate
3098,hatred
3099,hattrick
3100,haunted
3101,haystack
3102,hazard
3103,hazardous
3104,haze
3105,hazelnut
3106,head
3107,headache
3108,headcount
3109,headline
3110,headmaster
3111,headphone
3112,headquarters
3113,headset
3114,heal
3115,healer
3116,health
3117,hear
3118,heart
3119,heartache
3120,heartbeat
3121,heartbreak
3122,heat
3123,heater
3124,heathen
3125,heatwave
3126,heaven
3127,heavy
3128,heavyweight
3129,heckle
3130,hectic
3131,hedgehog
3132,hedonism
3133,heel
3134,height
3135,heir
3136,heiress
3137,heirloom
3138,helicopter
3139,heliocentric
3140,helium
3141,hell
3142,hellfire
3143,hellraiser
3144,helmet
3145,hemisphere
3146,hence
3147,herb
3148,herbal
3149,herbivore
3150,here
3151,heretic
3152,heritage
3153,hermetic
3154,hero
3155,herring
3156,hesitant
3157,hesitate
3158,hesitation
3159,heterogeneous
3160,heterosexual
3161,hexadecimal
3162,hexagon
3163,hiatus
3164,hibernate
3165,hiccup
3166,hidden
3167,hierarchy
3168,high
3169,highlight
3170,highlighted
3171,highway
3172,hijack
3173,hijacker
3174,hike
3175,hilarious
3176,hill
3177,hindrance
3178,hinduism
3179,hint
3180,hinterland
3181,hip
3182,hippie
3183,hippopotamus
3184,hipster
3185,hire
3186,histogram
3187,historian
3188,history
3189,hitchhiker
3190,hive
3191,hoarse
3192,hoax
3193,hobby
3194,hockey
3195,hold
3196,holiday
3197,hollow
3198,hologram
3199,holy
3200,homage
3201,home
3202,homeless
3203,homeowner
3204,homework
3205,homosexual
3206,honest
3207,honey
3208,honeycomb
3209,honeymoon
3210,honor
3211,honour
3212,honourable
3213,hood
3214,hook
3215,hoover
3216,hope
3217,horizon
3218,horizontal
3219,hormones
3220,horns
3221,horoscope
3222,horrendous
3223,horrible
3224,horrified
3225,horror
3226,horse
3227,horsepower
3228,hose
3229,hospital
3230,host
3231,hostel
3232,hostess
3233,hostile
3234,hostility
3235,hot
3236,hotdog
3237,hotel
3238,hour
3239,hourglass
3240,house
3241,household
3242,housekeeper
3243,hover
3244,hovercraft
3245,howl
3246,hug
3247,human
3248,humanity
3249,humble
3250,humidity
3251,hummingbird
3252,humour
3253,hunchback
3254,hundred
3255,hunger
3256,hungry
3257,hunt
3258,hunter
3259,hurdle
3260,hurricane
3261,hurry
3262,hurt
3263,husband
3264,hustle
3265,hyacinth
3266,hybrid
3267,hydrate
3268,hydraulics
3269,hydrodynamics
3270,hygiene
3271,hymn
3272,hype
3273,hyperactive
3274,hyperventilation
3275,hyphen
3276,hyphenate
3277,hypnosis
3278,hypocrisy
3279,hypocrite
3280,hypothetical
3281,hysteresis
3282,hysteric
3283,ice
3284,icecream
3285,icicle
3286,icon
3287,iconic
3288,idea
3289,ideal
3290,idealism
3291,idealistic
3292,identical
3293,identification
3294,identity
3295,ideology
3296,idiocy
3297,idiot
3298,idle
3299,idolatry
3300,idyllic
3301,ignite
3302,ignition
3303,ignorance
3304,ignore
3305,ill
3306,illegal
3307,illness
3308,illuminate
3309,illusion
3310,illusionist
3311,illustrate
3312,illustration
3313,image
3314,imaginary
3315,imagination
3316,imagine
3317,imbalance
3318,imitation
3319,immaculate
3320,immaterial
3321,immediate
3322,immense
3323,immigration
3324,immune
3325,immunity
3326,impact
3327,impartial
3328,impeachment
3329,imperative
3330,imperialism
3331,impermeable
3332,impersonation
3333,impersonator
3334,implant
3335,implement
3336,implementation
3337,implicit
3338,implode
3339,implosion
3340,imply
3341,impolite
3342,importance
3343,important
3344,impose
3345,imposition
3346,impossible
3347,impress
3348,impression
3349,imprisonment
3350,improve
3351,improvement
3352,improvisation
3353,improvise
3354,impulse
3355,impulsive
3356,inability
3357,inauguration
3358,inbred
3359,incarnation
3360,incendiary
3361,incense
3362,incentive
3363,inception
3364,inch
3365,incidence
3366,incident
3367,incision
3368,incite
3369,incline
3370,include
3371,inclusion
3372,inclusive
3373,incoherence
3374,income
3375,incompatible
3376,inconsistent
3377,incorrect
3378,increase
3379,incredible
3380,increment
3381,indeed
3382,indentation
3383,independence
3384,index
3385,indication
3386,indicator
3387,indictment
3388,indifference
3389,indigenous
3390,indirect
3391,individual
3392,indivisibility
3393,indivisible
3394,indoctrination
3395,indoors
3396,induce
3397,indulgence
3398,industrial
3399,industrialisation
3400,industry
3401,inedible
3402,inertia
3403,inevitable
3404,infamous
3405,infant
3406,infatuation
3407,infection
3408,inferior
3409,infernal
3410,infertility
3411,infiltrate
3412,infiltrator
3413,infinity
3414,infirmary
3415,inflammatory
3416,inflate
3417,inflation
3418,inflict
3419,influence
3420,influx
3421,informal
3422,informant
3423,information
3424,informative
3425,infrastructure
3426,infusion
3427,ingenious
3428,ingredient
3429,inhabitant
3430,inhale
3431,inherent
3432,inhibition
3433,initial
3434,initialisation
3435,initialise
3436,initiate
3437,initiation
3438,inject
3439,injection
3440,injury
3441,injustice
3442,inkling
3443,inmate
3444,inn
3445,innkeeper
3446,innocence
3447,innocent
3448,innovation
3449,innovator
3450,innuendo
3451,innumerable
3452,input
3453,inquisition
3454,insane
3455,insanity
3456,inscription
3457,insecticide
3458,insecure
3459,insensible
3460,insert
3461,inside
3462,insight
3463,insightful
3464,insignia
3465,insignificance
3466,insignificant
3467,insincere
3468,insinuation
3469,insist
3470,insistent
3471,insomnia
3472,inspection
3473,installation
3474,instance
3475,instant
3476,instantaneous
3477,instinct
3478,institute
3479,instruction
3480,instructor
3481,instrument
3482,instrumental
3483,insubordination
3484,insufferable
3485,insufficient
3486,insult
3487,insurance
3488,intact
3489,intangible
3490,integer
3491,integral
3492,integrate
3493,integration
3494,integrity
3495,intellect
3496,intellectual
3497,intellectuality
3498,intelligence
3499,intelligent
3500,intend
3501,intensity
3502,intention
3503,interaction
3504,interest
3505,interesting
3506,interface
3507,interim
3508,interior
3509,interlude
3510,intermediate
3511,interminable
3512,intermission
3513,intermittent
3514,intern
3515,internal
3516,internalisation
3517,international
3518,Internet
3519,interrogation
3520,interrupt
3521,interruption
3522,interval
3523,intervention
3524,interview
3525,intimacy
3526,intimate
3527,intimidate
3528,intimidation
3529,intolerable
3530,intolerance
3531,intoxicated
3532,intravenous
3533,intricacy
3534,intriguing
3535,intrinsic
3536,intro
3537,introduction
3538,introspection
3539,introversion
3540,introvert
3541,intrude
3542,intruder
3543,intrusion
3544,intuition
3545,invade
3546,invader
3547,invalid
3548,invaluable
3549,invariable
3550,invasion
3551,invent
3552,invention
3553,inventor
3554,inventory
3555,investigation
3556,investment
3557,investor
3558,invincibility
3559,invincible
3560,invisibility
3561,invisible
3562,invitation
3563,invoice
3564,involvement
3565,invulnerability
3566,invulnerable
3567,ironic
3568,irony
3569,irrational
3570,irregular
3571,irregularity
3572,irrelevant
3573,irresistible
3574,irrigation
3575,irritation
3576,island
3577,isle
3578,isolate
3579,isolation
3580,isotope
3581,issue
3582,italic
3583,item
3584,iteration
3585,itinerary
3586,ivory
3587,jackal
3588,jackass
3589,jacket
3590,jackpot
3591,jacuzzi
3592,jaguar
3593,jail
3594,jailbird
3595,janitor
3596,january
3597,jaw
3598,jazz
3599,jazzy
3600,jealous
3601,jeans
3602,jeep
3603,jelly
3604,jellyfish
3605,jeopardise
3606,jerk
3607,jester
3608,jet
3609,jewel
3610,jewellery
3611,jigsaw
3612,jingle
3613,jinx
3614,jiujitsu
3615,job
3616,jockey
3617,jogging
3618,join
3619,joke
3620,jolly
3621,journal
3622,journalism
3623,journey
3624,joust
3625,jovial
3626,joy
3627,joyful
3628,joyless
3629,joyride
3630,joystick
3631,jubilant
3632,judge
3633,judgement
3634,juice
3635,jukebox
3636,july
3637,jump
3638,junction
3639,june
3640,jungle
3641,junior
3642,juniper
3643,junk
3644,junkie
3645,junkmail
3646,junkyard
3647,jurisdiction
3648,jury
3649,just
3650,justice
3651,justifiable
3652,justification
3653,juvenile
3654,juxtaposition
3655,kaleidoscope
3656,kamikaze
3657,kangaroo
3658,karaoke
3659,karma
3660,kayak
3661,kebab
3662,keelhaul
3663,keen
3664,keep
3665,keeper
3666,keg
3667,kelp
3668,kerb
3669,kernel
3670,kerosene
3671,ketchup
3672,kettle
3673,key
3674,keyboard
3675,keyhole
3676,keyword
3677,kick
3678,kickstart
3679,kid
3680,kidnapper
3681,kidney
3682,killer
3683,kilobyte
3684,kilometre
3685,kind
3686,kindergarten
3687,kindhearted
3688,kindness
3689,kinetic
3690,king
3691,kingdom
3692,kingsize
3693,kinky
3694,kiosk
3695,kiss
3696,kit
3697,kitchen
3698,kite
3699,kitten
3700,kleptomania
3701,knee
3702,kneecap
3703,kneel
3704,knife
3705,knight
3706,knighthood
3707,knock
3708,knockout
3709,knot
3710,know
3711,knowhow
3712,knowledge
3713,knowledgeable
3714,label
3715,laboratory
3716,labour
3717,labyrinth
3718,lace
3719,lack
3720,lacklustre
3721,lady
3722,lager
3723,lagoon
3724,lake
3725,lamb
3726,lame
3727,lament
3728,lamentation
3729,laminate
3730,lamp
3731,land
3732,landlord
3733,landmark
3734,landowner
3735,landscape
3736,landslide
3737,lane
3738,language
3739,lantern
3740,laptop
3741,larch
3742,lard
3743,large
3744,larva
3745,laser
3746,last
3747,late
3748,lately
3749,latitude
3750,laugh
3751,laughter
3752,launch
3753,laundry
3754,lava
3755,lavatory
3756,lavender
3757,lavish
3758,law
3759,lawmaker
3760,lawn
3761,lawsuit
3762,lawyer
3763,layer
3764,layout
3765,lazy
3766,lead
3767,leader
3768,leadership
3769,leaflet
3770,league
3771,leak
3772,leakage
3773,leap
3774,learn
3775,lease
3776,leather
3777,leave
3778,lecture
3779,leek
3780,left
3781,lefthanded
3782,leftover
3783,leg
3784,legacy
3785,legal
3786,legend
3787,legible
3788,legion
3789,legislation
3790,legitimate
3791,leisure
3792,leisurewear
3793,lemon
3794,lemonade
3795,lend
3796,length
3797,leniency
3798,lenient
3799,lens
3800,lentils
3801,leopard
3802,leper
3803,leprechaun
3804,lesbian
3805,less
3806,lesson
3807,lethal
3808,lethargy
3809,letter
3810,lettuce
3811,level
3812,leverage
3813,levitate
3814,lexicon
3815,liability
3816,liaison
3817,liar
3818,libel
3819,liberal
3820,liberalism
3821,liberty
3822,libido
3823,librarian
3824,library
3825,license
3826,lie
3827,life
3828,lifeguard
3829,lifestyle
3830,lifetime
3831,lift
3832,light
3833,lighter
3834,lightning
3835,lightweight
3836,like
3837,likeable
3838,lily
3839,limbo
3840,limerick
3841,limestone
3842,limit
3843,limitation
3844,linear
3845,linger
3846,link
3847,lion
3848,lioness
3849,lipstick
3850,liquidation
3851,liquor
3852,lisp
3853,list
3854,listen
3855,listener
3856,litany
3857,literature
3858,lithium
3859,litre
3860,litter
3861,little
3862,live
3863,liver
3864,livestock
3865,lizard
3866,llama
3867,load
3868,loan
3869,lobby
3870,lobotomy
3871,lobster
3872,local
3873,location
3874,lock
3875,locker
3876,locksmith
3877,locomotion
3878,locomotive
3879,locust
3880,lodgement
3881,loft
3882,logic
3883,logical
3884,logo
3885,lollipop
3886,lonely
3887,loner
3888,lonesome
3889,long
3890,longevity
3891,longing
3892,longitude
3893,look
3894,lookalike
3895,loon
3896,loop
3897,looping
3898,loose
3899,loot
3900,lord
3901,lordship
3902,lorry
3903,loser
3904,loss
3905,lost
3906,lotion
3907,lottery
3908,loud
3909,lounge
3910,lousy
3911,love
3912,lover
3913,lovesick
3914,low
3915,lowercase
3916,loyal
3917,loyalty
3918,lubricant
3919,lucid
3920,luck
3921,lucky
3922,ludicrous
3923,luggage
3924,lukewarm
3925,lullaby
3926,lumber
3927,lumberjack
3928,luminal
3929,luminosity
3930,lump
3931,lunacy
3932,lunar
3933,lunatic
3934,lunch
3935,lung
3936,lupin
3937,lush
3938,lust
3939,luxurious
3940,luxury
3941,lynch
3942,lynx
3943,lyon
3944,lyrics
3945,macaroon
3946,machete
3947,machine
3948,machinegun
3949,machinery
3950,mad
3951,madness
3952,magazine
3953,magenta
3954,maggot
3955,magic
3956,magician
3957,magnesium
3958,magnet
3959,magnetism
3960,magnification
3961,magnifier
3962,magnolia
3963,maid
3964,mail
3965,mailbox
3966,mailman
3967,mailorder
3968,main
3969,mainstream
3970,maintain
3971,maintenance
3972,majestic
3973,majesty
3974,major
3975,majority
3976,make
3977,maker
3978,maladjusted
3979,male
3980,malfunction
3981,malice
3982,malicious
3983,mall
3984,mammal
3985,mammoth
3986,man
3987,manage
3988,manageable
3989,management
3990,mandate
3991,mandatory
3992,mandolin
3993,maniac
3994,manicure
3995,manifest
3996,manipulate
3997,manipulation
3998,mankind
3999,mannequin
4000,manner
4001,mannerism
4002,manoeuvrable
4003,mansion
4004,manslaughter
4005,mantelpiece
4006,mantis
4007,manual
4008,manufacturer
4009,manuscript
4010,many
4011,marathon
4012,marble
4013,march
4014,margin
4015,marinade
4016,maritime
4017,mark
4018,market
4019,marketeer
4020,marketing
4021,marketplace
4022,markup
4023,marmalade
4024,marmot
4025,maroon
4026,marriage
4027,married
4028,marshmallow
4029,martyr
4030,marvellous
4031,mary
4032,mascara
4033,mascot
4034,masculine
4035,mask
4036,masonry
4037,masquerade
4038,mass
4039,massacre
4040,massage
4041,massive
4042,master
4043,masterclass
4044,mastermind
4045,masterpiece
4046,masterwork
4047,matador
4048,match
4049,matchmaker
4050,matchstick
4051,mate
4052,material
4053,materialisation
4054,materialism
4055,materialistic
4056,maternal
4057,maternity
4058,math
4059,mathematician
4060,mathematics
4061,matinee
4062,matrimony
4063,matrix
4064,matter
4065,mattress
4066,mature
4067,maturity
4068,mausoleum
4069,maverick
4070,maximum
4071,may
4072,mayhem
4073,mayonnaise
4074,mayor
4075,maze
4076,meadow
4077,meagre
4078,meal
4079,mean
4080,meander
4081,meaning
4082,meaningful
4083,meaningless
4084,meantime
4085,meanwhile
4086,measurable
4087,measure
4088,measurement
4089,meat
4090,mechanical
4091,mechanism
4092,medal
4093,meddle
4094,media
4095,mediaeval
4096,median
4097,medic
4098,medical
4099,medication
4100,medicine
4101,medieval
4102,mediocre
4103,meditate
4104,meditation
4105,medium
4106,medley
4107,meek
4108,meet
4109,meeting
4110,megabyte
4111,megaphone
4112,melancholy
4113,mellow
4114,melodrama
4115,melody
4116,melon
4117,melt
4118,meltdown
4119,member
4120,membership
4121,membrane
4122,meme
4123,memo
4124,memoir
4125,memorabilia
4126,memorable
4127,memorandum
4128,memorial
4129,memory
4130,menace
4131,mend
4132,menhir
4133,mental
4134,mentality
4135,mention
4136,mentor
4137,menu
4138,mercenary
4139,merchandise
4140,merchant
4141,merciful
4142,merciless
4143,mercury
4144,mercy
4145,merely
4146,merge
4147,meridian
4148,merit
4149,mermaid
4150,merry
4151,mescaline
4152,message
4153,messenger
4154,messy
4155,metabolism
4156,metal
4157,metallic
4158,metamorphosis
4159,metaphor
4160,meteor
4161,meteorite
4162,meteorologist
4163,methane
4164,methanol
4165,method
4166,methodology
4167,meticulous
4168,metrics
4169,metronome
4170,metropolis
4171,metropolitan
4172,microchip
4173,microfiche
4174,microphone
4175,microprocessor
4176,microscope
4177,microwave
4178,middle
4179,midget
4180,midnight
4181,mighty
4182,migration
4183,mild
4184,mileage
4185,milestone
4186,militant
4187,military
4188,milk
4189,milkman
4190,millennium
4191,milligram
4192,million
4193,millionaire
4194,mime
4195,mince
4196,mind
4197,mindful
4198,mindset
4199,mine
4200,minefield
4201,mineral
4202,mingle
4203,miniature
4204,minibar
4205,minibus
4206,minimal
4207,minimalism
4208,minimalistic
4209,minimum
4210,miniskirt
4211,minister
4212,ministry
4213,minor
4214,minority
4215,minstrel
4216,mint
4217,minuscule
4218,minute
4219,miracle
4220,miraculous
4221,mirage
4222,mirror
4223,misbehave
4224,miscalculation
4225,miscellaneous
4226,mischief
4227,mischievous
4228,miserable
4229,misguided
4230,misheard
4231,misleading
4232,misplacement
4233,miss
4234,missile
4235,mission
4236,missionary
4237,misspelling
4238,mist
4239,mistake
4240,mistletoe
4241,mistreatment
4242,mistress
4243,mitigate
4244,mitten
4245,mix
4246,mixture
4247,moan
4248,moaner
4249,mobile
4250,mobility
4251,mock
4252,mockery
4253,mockingbird
4254,mockup
4255,modality
4256,mode
4257,model
4258,moderate
4259,moderation
4260,modern
4261,modest
4262,modification
4263,modify
4264,modular
4265,module
4266,mogul
4267,moist
4268,moisturiser
4269,mold
4270,mole
4271,molecular
4272,molecule
4273,mollusc
4274,molten
4275,moment
4276,momentarily
4277,momentum
4278,monarch
4279,monarchy
4280,monastery
4281,monday
4282,monetary
4283,money
4284,mongoose
4285,mongrel
4286,monitor
4287,monk
4288,monkey
4289,monkfish
4290,monochrome
4291,monocle
4292,monogamous
4293,monologue
4294,monopoly
4295,monorail
4296,monotone
4297,monsoon
4298,monster
4299,monstrosity
4300,monstrous
4301,montage
4302,month
4303,monthly
4304,monument
4305,mood
4306,moody
4307,moon
4308,moonlight
4309,moose
4310,moral
4311,morality
4312,morbid
4313,more
4314,morgue
4315,morning
4316,moron
4317,morsel
4318,mortal
4319,mortality
4320,mortgage
4321,mosquito
4322,most
4323,mostly
4324,motel
4325,moth
4326,mother
4327,motherboard
4328,motion
4329,motivation
4330,motorbike
4331,motorcycle
4332,motorway
4333,mould
4334,mount
4335,mountain
4336,mountaineer
4337,mountainous
4338,mourn
4339,mouse
4340,mousetrap
4341,moustache
4342,mouth
4343,mouthwash
4344,move
4345,movement
4346,movie
4347,mud
4348,muddy
4349,muffled
4350,mule
4351,multilingual
4352,multimedia
4353,multiple
4354,multiplier
4355,multiply
4356,mumble
4357,mummification
4358,mummy
4359,mundane
4360,municipality
4361,murder
4362,murmur
4363,muscle
4364,muscular
4365,museum
4366,mushroom
4367,music
4368,musical
4369,musician
4370,musketeer
4371,mussel
4372,mustard
4373,muster
4374,mutant
4375,mute
4376,mutiny
4377,mutual
4378,myriad
4379,mysterious
4380,mystery
4381,mystical
4382,mystify
4383,myth
4384,mythical
4385,mythological
4386,mythology
4387,nag
4388,nail
4389,naive
4390,naivety
4391,naked
4392,name
4393,nameless
4394,nanotechnology
4395,nap
4396,napkin
4397,narcissism
4398,narcosis
4399,narcotics
4400,narration
4401,narrator
4402,narrow
4403,narrowminded
4404,nasal
4405,nasty
4406,nation
4407,national
4408,nationalisation
4409,nationality
4410,native
4411,natural
4412,nature
4413,naughty
4414,nausea
4415,navigate
4416,navigation
4417,navigator
4418,navy
4419,nearby
4420,neat
4421,nebula
4422,necessary
4423,necessity
4424,neck
4425,necklace
4426,necktie
4427,nectar
4428,need
4429,needle
4430,needless
4431,needy
4432,negation
4433,negative
4434,negativity
4435,neglect
4436,negligence
4437,negotiate
4438,negotiation
4439,negotiator
4440,neighbour
4441,neighbourhood
4442,neither
4443,nemesis
4444,neologism
4445,neon
4446,nephew
4447,nerd
4448,nerve
4449,nervous
4450,network
4451,neurotic
4452,neurotransmitter
4453,neutral
4454,neutralisation
4455,never
4456,nevertheless
4457,newcomer
4458,newscast
4459,newsflash
4460,newsletter
4461,newspaper
4462,nice
4463,nickname
4464,nicotine
4465,night
4466,nightcap
4467,nightclub
4468,nightdress
4469,nightfall
4470,nightingale
4471,nightlife
4472,nightmare
4473,nihilism
4474,nihilistic
4475,nimble
4476,nine
4477,nitpicking
4478,nitrogen
4479,noble
4480,nobody
4481,nocturnal
4482,noise
4483,noisy
4484,nomad
4485,nominal
4486,nominate
4487,nomination
4488,nonbeliever
4489,nonchalance
4490,none
4491,nonsense
4492,noon
4493,normal
4494,north
4495,nose
4496,nostalgia
4497,nostril
4498,notable
4499,notary
4500,notation
4501,note
4502,notebook
4503,notepad
4504,noteworthy
4505,nothing
4506,notice
4507,notification
4508,notify
4509,notion
4510,notorious
4511,noun
4512,nourish
4513,novel
4514,november
4515,novice
4516,now
4517,nowadays
4518,nowhere
4519,nuance
4520,nuclear
4521,nucleus
4522,nude
4523,nuisance
4524,number
4525,numeral
4526,numerous
4527,nunnery
4528,nurse
4529,nursery
4530,nurture
4531,nutcracker
4532,nutmeg
4533,nutrient
4534,nutrition
4535,nutritious
4536,nutshell
4537,nylon
4538,nymphomaniac
4539,oak
4540,oath
4541,oatmeal
4542,obedience
4543,obedient
4544,obese
4545,obesity
4546,obey
4547,obituary
4548,object
4549,objection
4550,objective
4551,obligatory
4552,oblique
4553,oblivion
4554,obnoxious
4555,obscene
4556,obscure
4557,observation
4558,observe
4559,obsess
4560,obsession
4561,obsessive
4562,obsolete
4563,obstacle
4564,obstruction
4565,obtain
4566,obvious
4567,occasion
4568,occult
4569,occupancy
4570,occupation
4571,occupy
4572,occur
4573,occurrence
4574,ocean
4575,ochre
4576,octagonal
4577,octane
4578,octave
4579,october
4580,octogenarian
4581,octopus
4582,odd
4583,oddity
4584,odour
4585,odyssey
4586,oestrogen
4587,oeuvre
4588,offbeat
4589,offence
4590,offend
4591,offensive
4592,offer
4593,office
4594,officer
4595,official
4596,offset
4597,often
4598,oil
4599,oilrig
4600,old
4601,oldtimer
4602,olive
4603,olympics
4604,omen
4605,ominous
4606,omission
4607,omit
4608,omnivore
4609,once
4610,ongoing
4611,onion
4612,online
4613,only
4614,onslaught
4615,ooze
4616,opacity
4617,opaque
4618,open
4619,opener
4620,openminded
4621,opera
4622,operation
4623,operational
4624,operator
4625,opinion
4626,opponent
4627,opportunity
4628,opposed
4629,opposite
4630,opposition
4631,oppression
4632,oppressor
4633,optical
4634,optician
4635,optimal
4636,optimisation
4637,optimist
4638,optimistic
4639,option
4640,optional
4641,opus
4642,oracle
4643,orange
4644,orbit
4645,orchestra
4646,orchestration
4647,orchid
4648,ordeal
4649,order
4650,ordinary
4651,organ
4652,organisation
4653,organism
4654,organist
4655,organization
4656,orgy
4657,oriental
4658,orientation
4659,origami
4660,origin
4661,original
4662,originality
4663,ornament
4664,ornithology
4665,orphan
4666,orphanage
4667,orthodox
4668,oscillator
4669,ostrich
4670,other
4671,otter
4672,ounce
4673,outbreak
4674,outburst
4675,outcome
4676,outdoor
4677,outdoors
4678,outfit
4679,outgoing
4680,outlandish
4681,outlaw
4682,outlet
4683,outline
4684,outlook
4685,outnumbered
4686,outpost
4687,output
4688,outrage
4689,outrageous
4690,outside
4691,outspoken
4692,outstanding
4693,oval
4694,ovation
4695,oven
4696,over
4697,overactive
4698,overpowering
4699,overrated
4700,overreact
4701,owl
4702,own
4703,owner
4704,ownership
4705,oxidation
4706,oxygen
4707,oyster
4708,ozone
4709,pace
4710,pacemaker
4711,pacific
4712,pacifier
4713,pacifist
4714,pack
4715,package
4716,pact
4717,padding
4718,paddle
4719,pagan
4720,page
4721,pain
4722,painful
4723,painkiller
4724,painless
4725,paint
4726,paintbrush
4727,painter
4728,painting
4729,pair
4730,pal
4731,palace
4732,pale
4733,palindrome
4734,pallet
4735,pamphlet
4736,pan
4737,panache
4738,pancake
4739,panda
4740,pandemic
4741,panel
4742,panic
4743,panther
4744,pants
4745,paper
4746,paperback
4747,paperwork
4748,parachute
4749,parade
4750,paradigm
4751,paradox
4752,paragraph
4753,parakeet
4754,parallel
4755,paralyse
4756,paramedic
4757,parameter
4758,paramount
4759,paranoia
4760,paranoid
4761,paraphernalia
4762,paraphrase
4763,parasite
4764,parcel
4765,parchment
4766,parent
4767,parish
4768,parishioner
4769,park
4770,parking
4771,parliament
4772,parlour
4773,parody
4774,parrot
4775,parse
4776,parsley
4777,parsnip
4778,partial
4779,participant
4780,participate
4781,participation
4782,particle
4783,particular
4784,partisan
4785,partition
4786,partner
4787,partnership
4788,partridge
4789,party
4790,pass
4791,passage
4792,passenger
4793,passion
4794,passionate
4795,passive
4796,passport
4797,password
4798,pasta
4799,pastry
4800,pat
4801,patch
4802,patchwork
4803,patchy
4804,path
4805,pathetic
4806,pathology
4807,patience
4808,patio
4809,patriarch
4810,patriot
4811,patriotism
4812,pattern
4813,pause
4814,pavement
4815,pavilion
4816,paw
4817,pawn
4818,pawnshop
4819,pay
4820,payback
4821,payment
4822,payroll
4823,pea
4824,peace
4825,peach
4826,peacock
4827,peak
4828,peanut
4829,pear
4830,pearl
4831,peasant
4832,pebble
4833,peck
4834,peckish
4835,peculiar
4836,peculiarity
4837,pedal
4838,peddle
4839,pedestrian
4840,pedigree
4841,peek
4842,peel
4843,peer
4844,pelican
4845,pelvis
4846,pen
4847,penalty
4848,pencil
4849,pendulum
4850,penguin
4851,peninsula
4852,penitentiary
4853,penny
4854,pension
4855,pensioner
4856,pentagon
4857,penthouse
4858,penultimate
4859,people
4860,pepper
4861,peppermint
4862,perceivable
4863,perceive
4864,percent
4865,percentage
4866,perception
4867,perceptive
4868,percussion
4869,perfect
4870,perfection
4871,perfectionist
4872,perforation
4873,perform
4874,performance
4875,performer
4876,perfume
4877,perhaps
4878,peril
4879,perilous
4880,period
4881,periscope
4882,perish
4883,perk
4884,permanence
4885,permanent
4886,permeable
4887,permission
4888,permit
4889,perpendicular
4890,perpetrator
4891,perpetual
4892,perplex
4893,persecute
4894,persecution
4895,persecutor
4896,persist
4897,persistence
4898,persistent
4899,person
4900,personal
4901,personality
4902,personnel
4903,perspective
4904,persuade
4905,persuasion
4906,pervade
4907,pervasive
4908,pessimism
4909,pessimist
4910,pesticide
4911,petition
4912,petrification
4913,petrified
4914,petrol
4915,petty
4916,petulance
4917,pharmaceutical
4918,pharmacist
4919,pharmacy
4920,phase
4921,pheasant
4922,phenomenon
4923,philosopher
4924,philosophy
4925,phobia
4926,phoenix
4927,phone
4928,phosphorescence
4929,photo
4930,photocopy
4931,photograph
4932,photographer
4933,photography
4934,photosynthesis
4935,phrase
4936,physician
4937,physics
4938,pianist
4939,piano
4940,pickpocket
4941,picnic
4942,pictogram
4943,picture
4944,picturesque
4945,pie
4946,piece
4947,piercing
4948,pig
4949,pigeon
4950,pigment
4951,pigsty
4952,pilchard
4953,pile
4954,pilgrim
4955,pilgrimage
4956,pillar
4957,pillow
4958,pilot
4959,pinch
4960,pine
4961,pineapple
4962,pink
4963,pinnacle
4964,pinpoint
4965,pint
4966,pioneer
4967,pipeline
4968,piracy
4969,pistol
4970,pitbull
4971,pitch
4972,pitchfork
4973,pitfall
4974,pity
4975,pixel
4976,pizza
4977,place
4978,placebo
4979,placeholder
4980,placement
4981,plagiarise
4982,plagiarism
4983,plague
4984,plain
4985,plane
4986,planet
4987,planning
4988,plant
4989,plantation
4990,plastic
4991,plate
4992,platform
4993,platinum
4994,platitude
4995,platonic
4996,plausible
4997,playback
4998,player
4999,playful
5000,playground
5001,plea
5002,pleasant
5003,please
5004,pleasurable
5005,pleasure
5006,plectrum
5007,pledge
5008,plenty
5009,pliers
5010,pluck
5011,plural
5012,pocket
5013,podium
5014,poem
5015,poet
5016,poetic
5017,poetry
5018,point
5019,pointless
5020,poison
5021,poisonous
5022,poker
5023,polarisation
5024,polarise
5025,pole
5026,polemic
5027,police
5028,policeman
5029,policewoman
5030,policy
5031,polish
5032,polite
5033,politician
5034,politics
5035,pollution
5036,polyester
5037,polygon
5038,pompous
5039,pontoon
5040,pony
5041,poodle
5042,pool
5043,poor
5044,popcorn
5045,pope
5046,popular
5047,popularity
5048,population
5049,populism
5050,porcelain
5051,porch
5052,porcupine
5053,pork
5054,porn
5055,porridge
5056,port
5057,portal
5058,portfolio
5059,portion
5060,portrait
5061,portrayal
5062,pose
5063,posh
5064,position
5065,positive
5066,possess
5067,possession
5068,possessive
5069,possibility
5070,possible
5071,post
5072,postcard
5073,posthumous
5074,postpone
5075,posture
5076,potato
5077,potency
5078,potent
5079,potential
5080,potion
5081,potpourri
5082,pouch
5083,poultry
5084,pounce
5085,pound
5086,pour
5087,poverty
5088,powder
5089,power
5090,powerful
5091,practical
5092,practicality
5093,practice
5094,pragmatic
5095,praise
5096,prank
5097,prankster
5098,prawn
5099,pray
5100,prayer
5101,preach
5102,preamplifier
5103,precarious
5104,precaution
5105,precede
5106,precinct
5107,precious
5108,precipitation
5109,precise
5110,precision
5111,predator
5112,predecessor
5113,predict
5114,prediction
5115,predominant
5116,prefab
5117,prefer
5118,preferable
5119,preference
5120,prefix
5121,pregnancy
5122,pregnant
5123,prehistoric
5124,prejudice
5125,preliminary
5126,prelude
5127,premature
5128,premise
5129,premium
5130,premonition
5131,preoccupation
5132,prepaid
5133,preparation
5134,prepare
5135,prescribe
5136,prescription
5137,presence
5138,preset
5139,presidency
5140,president
5141,press
5142,pressure
5143,prestige
5144,prestigious
5145,presumably
5146,pretend
5147,pretender
5148,pretentious
5149,pretty
5150,prevail
5151,prevent
5152,prevention
5153,preview
5154,previous
5155,prey
5156,price
5157,priceless
5158,pride
5159,primary
5160,primetime
5161,primitive
5162,prince
5163,princess
5164,principal
5165,principle
5166,print
5167,printer
5168,printout
5169,prior
5170,priority
5171,prism
5172,prisoner
5173,pristine
5174,private
5175,privilege
5176,prize
5177,proactive
5178,probability
5179,probably
5180,probe
5181,problem
5182,procedure
5183,proceed
5184,proceedings
5185,procession
5186,processor
5187,proclaim
5188,proclamation
5189,procrastinate
5190,prodigy
5191,produce
5192,producer
5193,product
5194,production
5195,productive
5196,profanity
5197,profession
5198,professional
5199,professor
5200,proficiency
5201,profile
5202,profit
5203,profitability
5204,profitable
5205,profound
5206,prognosis
5207,program
5208,programmer
5209,progress
5210,progression
5211,progressive
5212,prohibit
5213,prohibition
5214,project
5215,projectile
5216,projection
5217,projector
5218,prolific
5219,prologue
5220,promenade
5221,prominence
5222,prominent
5223,promiscuous
5224,promise
5225,promote
5226,promotion
5227,prompt
5228,prone
5229,pronoun
5230,pronounce
5231,pronunciation
5232,proof
5233,propaganda
5234,propeller
5235,proper
5236,property
5237,prophecy
5238,prophet
5239,proportion
5240,proportional
5241,proposal
5242,propose
5243,proprietary
5244,prosecute
5245,prosecution
5246,prosecutor
5247,prospect
5248,prosperity
5249,prosperous
5250,prostate
5251,protagonist
5252,protection
5253,protectionism
5254,protein
5255,protest
5256,protocol
5257,proud
5258,prove
5259,provide
5260,provider
5261,provision
5262,provocative
5263,provoke
5264,proximity
5265,prudence
5266,prudent
5267,pseudonym
5268,psyche
5269,psychedelic
5270,psychiatrist
5271,psychiatry
5272,psycho
5273,psychoanalysis
5274,psychological
5275,psychologist
5276,psychology
5277,psychopath
5278,psychosis
5279,pub
5280,public
5281,publication
5282,publicity
5283,publish
5284,publisher
5285,pull
5286,pulp
5287,pulsate
5288,pulse
5289,pulverise
5290,puma
5291,pumpkin
5292,pun
5293,punch
5294,punctual
5295,punctuality
5296,punctuation
5297,puncture
5298,punish
5299,punishment
5300,punk
5301,puny
5302,pupil
5303,puppet
5304,puppeteer
5305,puppy
5306,purchase
5307,pure
5308,purification
5309,purify
5310,purple
5311,purpose
5312,purse
5313,pursue
5314,pursuit
5315,push
5316,puzzle
5317,pygmy
5318,pyramid
5319,pyrotechnics
5320,python
5321,quack
5322,quadrangle
5323,quadrant
5324,quadruple
5325,quagmire
5326,quail
5327,qualification
5328,qualify
5329,quality
5330,quantification
5331,quantify
5332,quantity
5333,quarantine
5334,quarrel
5335,quarry
5336,quarter
5337,quarterback
5338,quartet
5339,quasar
5340,queasiness
5341,queasy
5342,queen
5343,quench
5344,query
5345,quest
5346,question
5347,questionable
5348,questionnaire
5349,queue
5350,quiche
5351,quick
5352,quid
5353,quiet
5354,quiff
5355,quilt
5356,quip
5357,quirky
5358,quit
5359,quite
5360,quiver
5361,quiz
5362,quotation
5363,quote
5364,rabbit
5365,raccoon
5366,race
5367,rack
5368,racket
5369,radar
5370,radial
5371,radiancy
5372,radiant
5373,radiate
5374,radiation
5375,radiator
5376,radical
5377,radio
5378,radioactivity
5379,raffle
5380,raft
5381,rag
5382,rage
5383,rail
5384,railway
5385,rain
5386,rainbow
5387,raindrop
5388,rainfall
5389,raise
5390,rake
5391,rally
5392,ramble
5393,ramification
5394,ramp
5395,rampage
5396,ranch
5397,rancher
5398,random
5399,ranger
5400,rank
5401,ranking
5402,ransom
5403,rapture
5404,rare
5405,rarity
5406,rascal
5407,raspberry
5408,rat
5409,rate
5410,rather
5411,ratification
5412,ratify
5413,rating
5414,ratio
5415,rational
5416,rationalisation
5417,rattle
5418,rattlesnake
5419,rave
5420,raven
5421,ravenous
5422,raw
5423,ray
5424,razor
5425,reach
5426,react
5427,reaction
5428,reactor
5429,read
5430,reader
5431,readjustment
5432,ready
5433,real
5434,realignment
5435,realisation
5436,realise
5437,realist
5438,realistic
5439,reality
5440,really
5441,reappear
5442,rear
5443,rearrange
5444,reason
5445,reasonable
5446,rebate
5447,rebel
5448,rebellion
5449,reboot
5450,reborn
5451,rebound
5452,rebuke
5453,recall
5454,receipt
5455,receive
5456,recent
5457,reception
5458,receptionist
5459,recess
5460,recession
5461,recidivist
5462,recipe
5463,recipient
5464,reciprocal
5465,recital
5466,reckless
5467,reckon
5468,recline
5469,recliner
5470,recognise
5471,recognition
5472,recollection
5473,recommend
5474,recommendation
5475,reconcile
5476,reconciliation
5477,reconnaissance
5478,reconsider
5479,record
5480,recorder
5481,recording
5482,recover
5483,recovery
5484,recreate
5485,recreation
5486,recruit
5487,recruitment
5488,rectangle
5489,rectangular
5490,rectify
5491,recuperation
5492,recur
5493,recurrence
5494,recycle
5495,recycling
5496,red
5497,redeem
5498,reduce
5499,reduction
5500,redundancy
5501,redundant
5502,referee
5503,reference
5504,referendum
5505,referral
5506,refill
5507,refine
5508,refinement
5509,reflect
5510,reflection
5511,reflector
5512,reflex
5513,reformation
5514,refrain
5515,refresh
5516,refreshment
5517,refrigerator
5518,refugee
5519,refund
5520,refurbish
5521,refusal
5522,refuse
5523,regardless
5524,regeneration
5525,reggae
5526,regime
5527,region
5528,register
5529,registration
5530,regression
5531,regret
5532,regular
5533,regulate
5534,regulation
5535,rehabilitation
5536,rehearsal
5537,reign
5538,reimburse
5539,reimbursement
5540,reimpose
5541,reincarnate
5542,reindeer
5543,reinforce
5544,reinforcement
5545,reissue
5546,reject
5547,rejection
5548,relate
5549,relation
5550,relationship
5551,relative
5552,relativity
5553,relax
5554,relaxation
5555,relentless
5556,relevance
5557,relevant
5558,reliable
5559,relic
5560,relief
5561,religion
5562,relinquish
5563,relish
5564,relocation
5565,reluctance
5566,reluctant
5567,rely
5568,remain
5569,remainder
5570,remark
5571,remarkable
5572,remastered
5573,remedy
5574,remember
5575,remind
5576,reminder
5577,reminisce
5578,remix
5579,remorse
5580,remorseful
5581,remote
5582,removal
5583,remove
5584,renaissance
5585,rename
5586,render
5587,rendition
5588,renegade
5589,renew
5590,renewal
5591,renounce
5592,renovation
5593,rent
5594,rental
5595,repair
5596,reparation
5597,repeal
5598,repeat
5599,repellent
5600,repercussions
5601,repertoire
5602,repetition
5603,repetitive
5604,replace
5605,replacement
5606,replenish
5607,replenishment
5608,replica
5609,replicate
5610,reply
5611,report
5612,reporter
5613,repository
5614,represent
5615,representation
5616,representative
5617,repress
5618,repression
5619,reprieve
5620,reprint
5621,reprise
5622,reproduce
5623,reptile
5624,repulsive
5625,reputation
5626,request
5627,require
5628,requirement
5629,requisite
5630,rescue
5631,research
5632,resemblance
5633,resentment
5634,reservation
5635,reset
5636,reside
5637,residence
5638,resident
5639,resign
5640,resignation
5641,resilience
5642,resist
5643,resistance
5644,resize
5645,resolution
5646,resolve
5647,resonance
5648,resort
5649,resource
5650,respect
5651,respectable
5652,respond
5653,response
5654,responsibility
5655,responsive
5656,restaurant
5657,restless
5658,restoration
5659,restore
5660,restrain
5661,restraint
5662,restriction
5663,restroom
5664,result
5665,resume
5666,resurgence
5667,resurrection
5668,retail
5669,retailer
5670,retain
5671,retaliate
5672,retaliation
5673,retard
5674,retention
5675,retire
5676,retirement
5677,retreat
5678,retribution
5679,retrieval
5680,retrieve
5681,retro
5682,retroactive
5683,retrospect
5684,retrospection
5685,retry
5686,return
5687,reunion
5688,reunite
5689,revamp
5690,reveal
5691,revelation
5692,revenge
5693,revenue
5694,reverence
5695,reversal
5696,reverse
5697,review
5698,revision
5699,revival
5700,revolution
5701,revolutionary
5702,revolve
5703,revolver
5704,reward
5705,rewind
5706,rhetorical
5707,rhino
5708,rhinoceros
5709,rhubarb
5710,rhyme
5711,rhythm
5712,ribbon
5713,rice
5714,rich
5715,ricochet
5716,riddance
5717,ride
5718,ridicule
5719,ridiculous
5720,riffle
5721,right
5722,righteous
5723,rigidity
5724,ring
5725,ringleader
5726,rinse
5727,riot
5728,ripoff
5729,rise
5730,risk
5731,risky
5732,ritual
5733,rival
5734,rivalry
5735,river
5736,riverside
5737,road
5738,roam
5739,roast
5740,robbery
5741,robe
5742,robot
5743,robotics
5744,robust
5745,rock
5746,rocket
5747,rod
5748,rodent
5749,rodeo
5750,rogue
5751,role
5752,romance
5753,romantic
5754,roof
5755,rooftop
5756,room
5757,rooster
5758,root
5759,rope
5760,rosary
5761,rose
5762,rosebud
5763,rosebush
5764,rosemary
5765,rotate
5766,rotation
5767,rough
5768,round
5769,router
5770,routine
5771,row
5772,royal
5773,royalty
5774,rubbish
5775,rubble
5776,rude
5777,rudimentary
5778,rugby
5779,ruin
5780,rule
5781,rulebook
5782,ruler
5783,rumble
5784,rumour
5785,run
5786,rupture
5787,rural
5788,rush
5789,rust
5790,rustic
5791,ruthless
5792,sabotage
5793,sack
5794,sacred
5795,sacrifice
5796,sacrilege
5797,sad
5798,saddle
5799,sadness
5800,safari
5801,safe
5802,safety
5803,saga
5804,sage
5805,sail
5806,sailor
5807,saint
5808,salad
5809,salamander
5810,salary
5811,sale
5812,saliva
5813,salmon
5814,salmonella
5815,saloon
5816,salt
5817,salty
5818,salutation
5819,salute
5820,salvage
5821,salvation
5822,same
5823,sample
5824,sanction
5825,sanctuary
5826,sand
5827,sandal
5828,sandwich
5829,sane
5830,sanitary
5831,sanity
5832,sapling
5833,sapphire
5834,sarcasm
5835,sardine
5836,satanism
5837,satellite
5838,satin
5839,satire
5840,satirical
5841,satisfaction
5842,satisfy
5843,saturate
5844,saturation
5845,saturday
5846,sauce
5847,saucer
5848,sauna
5849,saunter
5850,sausage
5851,savage
5852,save
5853,saviour
5854,savvy
5855,saw
5856,sawmill
5857,sawtooth
5858,saxophone
5859,say
5860,scalability
5861,scale
5862,scallop
5863,scalpel
5864,scam
5865,scan
5866,scandal
5867,scanner
5868,scapegoat
5869,scar
5870,scarce
5871,scarcity
5872,scare
5873,scarecrow
5874,scarf
5875,scary
5876,scatter
5877,scenario
5878,scenery
5879,scent
5880,scentless
5881,scepticism
5882,schedule
5883,scheme
5884,schism
5885,schizophrenia
5886,scholarship
5887,school
5888,schoolgirl
5889,science
5890,scientific
5891,scientist
5892,scissors
5893,scold
5894,scone
5895,scoop
5896,scooter
5897,scope
5898,scorch
5899,score
5900,scoreboard
5901,scorecard
5902,scorpion
5903,scoundrel
5904,scout
5905,scramble
5906,scrapbook
5907,scraper
5908,scrapyard
5909,scratch
5910,scream
5911,screen
5912,screenplay
5913,screw
5914,screwdriver
5915,scribble
5916,script
5917,scriptwriter
5918,scroll
5919,scrollable
5920,scrum
5921,scrutiny
5922,sculpture
5923,sea
5924,seafood
5925,seagull
5926,seal
5927,seamless
5928,search
5929,seasick
5930,seaside
5931,season
5932,seasoning
5933,seat
5934,secede
5935,secession
5936,seclude
5937,seclusion
5938,second
5939,secondary
5940,secrecy
5941,secret
5942,secretary
5943,secretion
5944,section
5945,sector
5946,secular
5947,secure
5948,security
5949,sedation
5950,sedative
5951,sediment
5952,seduce
5953,seduction
5954,see
5955,seed
5956,seek
5957,seem
5958,segment
5959,segmentation
5960,segregation
5961,seize
5962,seizure
5963,seldom
5964,select
5965,selection
5966,self
5967,selfish
5968,sell
5969,seller
5970,semantics
5971,semester
5972,semicolon
5973,seminar
5974,senate
5975,senator
5976,send
5977,sender
5978,senile
5979,senior
5980,sensation
5981,sensational
5982,sense
5983,senseless
5984,sensibility
5985,sensitive
5986,sensitivity
5987,sensor
5988,sensual
5989,sentence
5990,sentiment
5991,sentinel
5992,separable
5993,separate
5994,separation
5995,september
5996,sequel
5997,sequence
5998,sequencer
5999,sequential
6000,sequoia
6001,serenade
6002,serene
6003,serenity
6004,sergeant
6005,serial
6006,serif
6007,serious
6008,sermon
6009,serotonin
6010,serpent
6011,servant
6012,serve
6013,service
6014,session
6015,set
6016,setback
6017,settlement
6018,setup
6019,seven
6020,seventeen
6021,seventies
6022,several
6023,severe
6024,severity
6025,sew
6026,sewer
6027,sexy
6028,shabby
6029,shade
6030,shadow
6031,shady
6032,shake
6033,shallot
6034,shallow
6035,shame
6036,shameful
6037,shameless
6038,shampoo
6039,shamrock
6040,shape
6041,shapeless
6042,share
6043,shareholder
6044,shareware
6045,shark
6046,sharp
6047,sharpener
6048,sharpness
6049,shatter
6050,shatterproof
6051,shave
6052,sheep
6053,sheer
6054,sheet
6055,shelf
6056,shell
6057,shelter
6058,shepherd
6059,sheriff
6060,sherry
6061,shield
6062,shift
6063,shimmer
6064,shin
6065,shinbone
6066,shine
6067,shiny
6068,ship
6069,shipload
6070,shipment
6071,shipping
6072,shirt
6073,shiver
6074,shock
6075,shoe
6076,shoemaker
6077,shoot
6078,shooter
6079,shop
6080,shopkeeper
6081,shoplifter
6082,shopper
6083,shore
6084,shoreline
6085,short
6086,shortage
6087,shortcoming
6088,shortcut
6089,shorthand
6090,shortlist
6091,shot
6092,shotgun
6093,shoulder
6094,shout
6095,shove
6096,shovel
6097,show
6098,showcase
6099,showdown
6100,shower
6101,showoff
6102,showroom
6103,shredder
6104,shriek
6105,shrimp
6106,shrine
6107,shrink
6108,shrivel
6109,shrubbery
6110,shrunken
6111,shudder
6112,shuffle
6113,shutdown
6114,shuttle
6115,shy
6116,shyness
6117,sibling
6118,sick
6119,sickness
6120,side
6121,sidekick
6122,sidewalk
6123,siege
6124,sift
6125,sigh
6126,sight
6127,sightseeing
6128,sign
6129,signal
6130,significance
6131,significant
6132,silence
6133,silent
6134,silhouette
6135,silk
6136,silliness
6137,silly
6138,similar
6139,similarity
6140,simplicity
6141,simplify
6142,simulate
6143,simulation
6144,simultaneous
6145,sin
6146,since
6147,sincere
6148,sincerity
6149,sine
6150,sing
6151,singer
6152,single
6153,singleminded
6154,singularity
6155,sinister
6156,sink
6157,sinner
6158,siren
6159,sissy
6160,sister
6161,sit
6162,sitcom
6163,site
6164,situate
6165,situation
6166,six
6167,sixpence
6168,sixteen
6169,size
6170,skateboard
6171,skeleton
6172,sketch
6173,sketchbook
6174,skill
6175,skin
6176,skinhead
6177,skip
6178,skirt
6179,skull
6180,sky
6181,skydiving
6182,skyline
6183,skyscraper
6184,skyward
6185,slander
6186,slang
6187,slant
6188,slapstick
6189,slash
6190,slaughter
6191,slave
6192,slavery
6193,slayer
6194,sleazy
6195,sled
6196,sledgehammer
6197,sleep
6198,sleepless
6199,sleepwalking
6200,sleepy
6201,sleeve
6202,slender
6203,slice
6204,slick
6205,slide
6206,slider
6207,slightly
6208,slim
6209,slime
6210,slimy
6211,slingshot
6212,slippery
6213,slither
6214,slogan
6215,slope
6216,sloppy
6217,slot
6218,sloth
6219,slow
6220,sluggish
6221,slumber
6222,smack
6223,small
6224,smalltalk
6225,smart
6226,smash
6227,smashing
6228,smear
6229,smell
6230,smelly
6231,smile
6232,smirk
6233,smoke
6234,smooth
6235,smother
6236,smug
6237,smuggle
6238,smuggler
6239,snack
6240,snail
6241,snake
6242,snapshot
6243,snare
6244,snatch
6245,sneaky
6246,sneeze
6247,snob
6248,snobbish
6249,snooker
6250,snooze
6251,snore
6252,snorer
6253,snotty
6254,snow
6255,snowball
6256,snowstorm
6257,snowy
6258,snuffbox
6259,snuggle
6260,soap
6261,sober
6262,soccer
6263,sociable
6264,social
6265,socialism
6266,society
6267,sociology
6268,sock
6269,socket
6270,sofa
6271,soft
6272,softball
6273,soften
6274,softener
6275,software
6276,soil
6277,solace
6278,soldier
6279,solidarity
6280,solidify
6281,solitary
6282,solstice
6283,solution
6284,something
6285,somewhere
6286,song
6287,songbook
6288,songwriter
6289,soon
6290,soothe
6291,sophisticated
6292,sorbet
6293,sorcerer
6294,sorcery
6295,sorrow
6296,sorry
6297,soul
6298,sound
6299,soundcheck
6300,soundtrack
6301,soup
6302,source
6303,south
6304,souvenir
6305,space
6306,spacecraft
6307,spaceman
6308,spaceship
6309,spacious
6310,spade
6311,spaghetti
6312,spam
6313,spare
6314,spark
6315,sparkle
6316,sparrow
6317,sparse
6318,spatial
6319,spatula
6320,speak
6321,speaker
6322,spearhead
6323,special
6324,specialisation
6325,speciality
6326,specific
6327,specification
6328,specify
6329,specimen
6330,speck
6331,spectacle
6332,spectacular
6333,spectator
6334,spectrum
6335,speculate
6336,speculation
6337,speech
6338,speechless
6339,speed
6340,speedboat
6341,speedway
6342,spell
6343,spelling
6344,spend
6345,spender
6346,sphere
6347,sphinx
6348,spice
6349,spicy
6350,spider
6351,spillage
6352,spinach
6353,spine
6354,spineless
6355,spinster
6356,spiral
6357,spirit
6358,spiritual
6359,spiritualism
6360,splash
6361,splatter
6362,splendid
6363,splinter
6364,split
6365,spoiler
6366,spokesman
6367,sponge
6368,sponsor
6369,sponsorship
6370,spontaneity
6371,spontaneous
6372,spoof
6373,spooky
6374,spool
6375,spoon
6376,sporadically
6377,sports
6378,sportswear
6379,spotless
6380,spouse
6381,spray
6382,spreadsheet
6383,spree
6384,spring
6385,sprint
6386,spy
6387,squad
6388,squadron
6389,square
6390,squash
6391,squeak
6392,squeaky
6393,squeeze
6394,squid
6395,squirrel
6396,stab
6397,stabilisation
6398,stability
6399,stable
6400,stack
6401,stadium
6402,staff
6403,stage
6404,stagger
6405,stagnant
6406,stagnation
6407,stain
6408,stainless
6409,staircase
6410,stairway
6411,stake
6412,stakeholder
6413,stale
6414,stalemate
6415,stalk
6416,stalker
6417,stall
6418,stallion
6419,stalwart
6420,stamina
6421,stamp
6422,stampede
6423,stance
6424,standard
6425,standby
6426,standstill
6427,staple
6428,stapler
6429,star
6430,stardom
6431,stardust
6432,starlight
6433,starship
6434,start
6435,startle
6436,starvation
6437,statement
6438,static
6439,stationary
6440,statistical
6441,statistics
6442,statue
6443,stature
6444,status
6445,stay
6446,steady
6447,steak
6448,steal
6449,steam
6450,steamroller
6451,steel
6452,stellar
6453,stencil
6454,stereo
6455,stereotype
6456,sterile
6457,sterilisation
6458,stern
6459,stethoscope
6460,stewardess
6461,stick
6462,sticker
6463,sticky
6464,stigma
6465,stiletto
6466,still
6467,stilts
6468,stimulant
6469,stimulation
6470,sting
6471,stingy
6472,stipulate
6473,stir
6474,stitch
6475,stockings
6476,stomach
6477,stone
6478,store
6479,storekeeper
6480,storm
6481,story
6482,storyline
6483,stove
6484,straight
6485,straightforward
6486,strain
6487,strange
6488,stranger
6489,strategy
6490,straw
6491,strawberry
6492,stream
6493,streamline
6494,street
6495,strength
6496,strenuous
6497,stress
6498,stressful
6499,stretch
6500,stretcher
6501,strict
6502,strictly
6503,strike
6504,string
6505,strip
6506,strive
6507,stroke
6508,stroll
6509,strong
6510,structural
6511,structure
6512,struggle
6513,stubborn
6514,student
6515,studies
6516,study
6517,stuff
6518,stumble
6519,stunning
6520,stunt
6521,stupid
6522,stupidity
6523,sturdy
6524,sturgeon
6525,stutter
6526,style
6527,stylish
6528,subconscious
6529,subcontractor
6530,subdued
6531,subject
6532,subjective
6533,sublimation
6534,sublime
6535,submission
6536,submit
6537,subpoena
6538,subscribe
6539,subscription
6540,subsequent
6541,subsidiary
6542,substance
6543,substandard
6544,substantial
6545,substitution
6546,subtitle
6547,subtle
6548,subtlety
6549,subtotal
6550,subtraction
6551,suburbs
6552,subway
6553,succeed
6554,success
6555,successful
6556,succession
6557,successor
6558,succumb
6559,such
6560,sudden
6561,suddenly
6562,suffer
6563,suffice
6564,sufficient
6565,suffocate
6566,sugar
6567,suggest
6568,suggestion
6569,suggestive
6570,suit
6571,suitable
6572,suitcase
6573,suitor
6574,sum
6575,summary
6576,summer
6577,summertime
6578,sun
6579,sunblock
6580,sunday
6581,sunlight
6582,sunny
6583,sunrise
6584,sunset
6585,superb
6586,supercharger
6587,superficial
6588,superintendent
6589,superior
6590,superiority
6591,supermarket
6592,supernova
6593,superstition
6594,superstitious
6595,supervision
6596,supervisor
6597,supplement
6598,supplier
6599,supplies
6600,support
6601,supportive
6602,supposedly
6603,suppress
6604,supremacy
6605,supreme
6606,sure
6607,surface
6608,surgeon
6609,surgery
6610,surname
6611,surpass
6612,surprise
6613,surreal
6614,surrender
6615,surroundings
6616,surveillance
6617,survey
6618,survival
6619,survive
6620,survivor
6621,sushi
6622,suspect
6623,suspension
6624,suspicion
6625,suspicious
6626,sustainable
6627,swamp
6628,swan
6629,swear
6630,sweat
6631,sweater
6632,sweet
6633,sweetener
6634,swerve
6635,swift
6636,swim
6637,swimsuit
6638,swine
6639,swipe
6640,switch
6641,sword
6642,swordfish
6643,syllable
6644,symbiosis
6645,symbol
6646,symmetry
6647,sympathy
6648,symptom
6649,sync
6650,syndrome
6651,synonym
6652,syntax
6653,synthesis
6654,synthesiser
6655,synthetic
6656,syringe
6657,syrup
6658,system
6659,table
6660,tablet
6661,tabloid
6662,taboo
6663,tackle
6664,tactful
6665,tactics
6666,tag
6667,tail
6668,tailor
6669,take
6670,takeaway
6671,tale
6672,talent
6673,talk
6674,talkative
6675,tall
6676,tambourine
6677,tame
6678,tamper
6679,tangible
6680,tango
6681,tank
6682,tantalising
6683,tantrum
6684,tap
6685,tape
6686,tapestry
6687,tapeworm
6688,tarantula
6689,tardy
6690,target
6691,tarmac
6692,tarnish
6693,tarragon
6694,tart
6695,task
6696,tassel
6697,taste
6698,tasteful
6699,tasteless
6700,tasty
6701,tattoo
6702,taunt
6703,tavern
6704,taxation
6705,taxidermist
6706,tea
6707,teabag
6708,teach
6709,teacher
6710,teacup
6711,team
6712,teammate
6713,teamwork
6714,tear
6715,teardrop
6716,tearoom
6717,tease
6718,teaser
6719,teaspoon
6720,technicality
6721,technician
6722,technique
6723,technology
6724,tectonics
6725,tedious
6726,tee
6727,teen
6728,teenager
6729,telegram
6730,telephone
6731,telescope
6732,television
6733,tell
6734,telltale
6735,temper
6736,temperament
6737,temperate
6738,temperature
6739,tempest
6740,template
6741,temple
6742,temporary
6743,temptation
6744,ten
6745,tenacious
6746,tenacity
6747,tend
6748,tendency
6749,tender
6750,tennis
6751,tenor
6752,tense
6753,tension
6754,tentacle
6755,tentative
6756,tenuous
6757,tenure
6758,terminal
6759,termination
6760,terminator
6761,terminology
6762,termite
6763,terrace
6764,terrain
6765,terrible
6766,terrific
6767,terrifying
6768,territory
6769,test
6770,testament
6771,testify
6772,testimony
6773,tether
6774,text
6775,textbook
6776,texture
6777,thankful
6778,thanks
6779,theater
6780,theatre
6781,theatrical
6782,theft
6783,theme
6784,theology
6785,theoretically
6786,theory
6787,therapeutic
6788,therapist
6789,therapy
6790,there
6791,thermodynamics
6792,thermometer
6793,thick
6794,thickness
6795,thief
6796,thievery
6797,thimble
6798,thin
6799,thing
6800,think
6801,thirsty
6802,thirteen
6803,thirty
6804,this
6805,thorough
6806,thought
6807,thoughtful
6808,thoughtless
6809,thousand
6810,thread
6811,threat
6812,three
6813,threshold
6814,thrill
6815,thriller
6816,thrive
6817,throat
6818,throb
6819,throne
6820,throttle
6821,through
6822,throw
6823,thug
6824,thunder
6825,thursday
6826,ticket
6827,tickle
6828,tide
6829,tidy
6830,tie
6831,tiebreak
6832,tiger
6833,tight
6834,tile
6835,till
6836,timber
6837,time
6838,timeless
6839,timeout
6840,timid
6841,timing
6842,tinker
6843,tiptoe
6844,tired
6845,tiresome
6846,tissue
6847,titanium
6848,title
6849,titular
6850,toad
6851,toast
6852,tobacco
6853,today
6854,toddler
6855,toe
6856,together
6857,toggle
6858,token
6859,tolerance
6860,tolerant
6861,tolerate
6862,toll
6863,tomato
6864,tombstone
6865,tomorrow
6866,tonality
6867,tone
6868,toner
6869,tongue
6870,tonight
6871,tool
6872,toolbox
6873,tooth
6874,toothbrush
6875,topic
6876,torment
6877,tornado
6878,tortoise
6879,torture
6880,total
6881,touch
6882,touchdown
6883,tough
6884,tour
6885,tourism
6886,tourist
6887,tournament
6888,towards
6889,towel
6890,tower
6891,town
6892,toxic
6893,toxicology
6894,toy
6895,trace
6896,track
6897,traction
6898,trade
6899,trademark
6900,trader
6901,tradition
6902,traffic
6903,tragedy
6904,trail
6905,trailer
6906,train
6907,traitor
6908,trajectory
6909,tram
6910,trample
6911,trampoline
6912,trance
6913,tranquilliser
6914,tranquillity
6915,transaction
6916,transcendence
6917,transcription
6918,transfer
6919,transform
6920,transformation
6921,transistor
6922,transition
6923,translate
6924,translation
6925,translucent
6926,transmission
6927,transparency
6928,transparent
6929,transplant
6930,transport
6931,transportation
6932,trash
6933,travel
6934,tray
6935,treachery
6936,treason
6937,treat
6938,treatment
6939,treaty
6940,treble
6941,tree
6942,tremble
6943,tremendous
6944,trend
6945,trendy
6946,trespasser
6947,trial
6948,triangle
6949,triangulation
6950,tribal
6951,tribe
6952,tribunal
6953,tribute
6954,trick
6955,trickery
6956,trickle
6957,tricky
6958,tricycle
6959,trigger
6960,trillion
6961,trilogy
6962,trim
6963,trimmer
6964,trip
6965,tripod
6966,triumph
6967,triumphant
6968,trivia
6969,trivial
6970,troll
6971,trolley
6972,trombone
6973,troops
6974,trophy
6975,trouble
6976,troublemaker
6977,trousers
6978,trout
6979,truck
6980,trumpet
6981,truncate
6982,trunk
6983,trust
6984,tube
6985,tuesday
6986,tuition
6987,tumble
6988,tumultuous
6989,tuna
6990,tune
6991,tunnel
6992,turbocharger
6993,turbulence
6994,turkey
6995,turmoil
6996,turn
6997,turnip
6998,turret
6999,turtle
7000,tusk
7001,tutorial
7002,tweak
7003,tweet
7004,twelve
7005,twenty
7006,twilight
7007,twinkle
7008,twitch
7009,two
7010,tycoon
7011,type
7012,typeface
7013,typewriter
7014,typhoon
7015,typical
7016,typography
7017,tyranny
7018,tyrant
7019,ugly
7020,ukulele
7021,ultimate
7022,ultimatum
7023,ultraviolet
7024,umbrella
7025,umpire
7026,unable
7027,unacceptable
7028,unanimous
7029,unbeatable
7030,unbelievable
7031,uncertain
7032,uncle
7033,unconscious
7034,undefeated
7035,undeniable
7036,under
7037,undercover
7038,undercurrent
7039,underdog
7040,underestimate
7041,underground
7042,understand
7043,undertaker
7044,undo
7045,undress
7046,unearth
7047,unemployed
7048,uneven
7049,unfair
7050,unfold
7051,unfurl
7052,unicorn
7053,unidentified
7054,unification
7055,uniform
7056,unilateral
7057,unimpressed
7058,unintended
7059,union
7060,unique
7061,unit
7062,united
7063,unity
7064,universal
7065,universe
7066,unkind
7067,unknown
7068,unlock
7069,unpack
7070,unpleasant
7071,unplugged
7072,unrealistic
7073,unreasonable
7074,unreliable
7075,unrequited
7076,unstoppable
7077,untangle
7078,untrue
7079,unused
7080,unusual
7081,unveil
7082,upcoming
7083,update
7084,upgrade
7085,upload
7086,uppercase
7087,urge
7088,urgent
7089,usability
7090,usage
7091,use
7092,useful
7093,utensil
7094,utility
7095,utmost
7096,utterance
7097,vacancy
7098,vacant
7099,vacation
7100,vaccination
7101,vaccine
7102,vacuum
7103,vagabond
7104,validate
7105,validation
7106,validity
7107,valley
7108,valuable
7109,value
7110,valve
7111,vampire
7112,vandalism
7113,vanish
7114,vanquish
7115,vaporisation
7116,variable
7117,variation
7118,variety
7119,various
7120,varnish
7121,vary
7122,vault
7123,vector
7124,vegetable
7125,vegetarian
7126,vehement
7127,vehicle
7128,veil
7129,velocity
7130,velvet
7131,vendor
7132,vengeance
7133,venom
7134,venomous
7135,ventilation
7136,ventriloquist
7137,venue
7138,verb
7139,verbal
7140,verdict
7141,verification
7142,verify
7143,vermin
7144,versatile
7145,versatility
7146,version
7147,vertical
7148,veteran
7149,vibrancy
7150,vibration
7151,vicinity
7152,victim
7153,victory
7154,view
7155,viewer
7156,vigilance
7157,vigorous
7158,village
7159,villain
7160,vindicate
7161,vinegar
7162,vineyard
7163,vintage
7164,vinyl
7165,violation
7166,violence
7167,violet
7168,violin
7169,viral
7170,virtual
7171,virtue
7172,virus
7173,visibility
7174,visible
7175,vision
7176,visionary
7177,visit
7178,visitor
7179,visual
7180,visualisation
7181,vitality
7182,vitamin
7183,vivid
7184,vocabulary
7185,voice
7186,void
7187,volcano
7188,voltage
7189,volume
7190,volunteer
7191,voluptuous
7192,vomit
7193,vote
7194,voter
7195,voucher
7196,vow
7197,vowel
7198,vulgar
7199,vulgarity
7200,vulnerability
7201,vulnerable
7202,vulture
7203,wade
7204,wafer
7205,waist
7206,waistcoat
7207,wait
7208,waiter
7209,waitress
7210,walk
7211,wallet
7212,wallpaper
7213,walrus
7214,waltz
7215,wanderer
7216,wanderlust
7217,want
7218,wanted
7219,war
7220,wardrobe
7221,warehouse
7222,warfare
7223,warm
7224,warmth
7225,warn
7226,warning
7227,warrant
7228,warranty
7229,warrior
7230,wary
7231,wash
7232,wasp
7233,waste
7234,watch
7235,water
7236,watercress
7237,waterfall
7238,watermelon
7239,wave
7240,waveform
7241,wavelength
7242,weak
7243,weakness
7244,wealth
7245,wealthy
7246,weapon
7247,wear
7248,weasel
7249,weather
7250,weave
7251,web
7252,website
7253,week
7254,weekday
7255,weekend
7256,weight
7257,weird
7258,welcome
7259,welder
7260,welfare
7261,well
7262,west
7263,western
7264,wet
7265,whale
7266,whatever
7267,wheat
7268,wheel
7269,wheelbarrow
7270,wheelchair
7271,when
7272,where
7273,whether
7274,whim
7275,whimsical
7276,whine
7277,whiplash
7278,whirlpool
7279,whisper
7280,whistle
7281,white
7282,whole
7283,wicked
7284,wide
7285,widespread
7286,widow
7287,width
7288,wife
7289,wild
7290,wildlife
7291,will
7292,willow
7293,winch
7294,wind
7295,window
7296,windscreen
7297,wine
7298,wing
7299,wink
7300,winner
7301,winter
7302,wipe
7303,wire
7304,wisdom
7305,wise
7306,wit
7307,witchcraft
7308,withdraw
7309,withdrawal
7310,within
7311,without
7312,witness
7313,witty
7314,wizard
7315,wobble
7316,wolf
7317,woman
7318,womaniser
7319,womb
7320,wonder
7321,wonderful
7322,wood
7323,woodpecker
7324,wool
7325,word
7326,work
7327,workout
7328,workplace
7329,workshop
7330,world
7331,worldwide
7332,worm
7333,wormhole
7334,worry
7335,worse
7336,worship
7337,worth
7338,worthwhile
7339,worthy
7340,wound
7341,wrack
7342,wrap
7343,wrapper
7344,wreckage
7345,wrestle
7346,wrestler
7347,wrist
7348,wristwatch
7349,write
7350,writer
7351,wrong
7352,xylophone
7353,yard
7354,yardstick
7355,yarn
7356,yawn
7357,year
7358,yearbook
7359,yearn
7360,yearning
7361,yeast
7362,yell
7363,yellow
7364,yes
7365,yesterday
7366,yield
7367,yoga
7368,yokel
7369,yonder
7370,young
7371,youngster
7372,youth
7373,zebra
7374,zenith
7375,zeppelin
7376,zero
7377,zone
7378,zoo
7379,zoologist
7380,zoology
7381,zoom
